-- phpMyAdmin SQL Dump
-- version 5.0.3
-- https://www.phpmyadmin.net/
--
-- Hôte : 127.0.0.1
-- Généré le : mar. 18 mai 2021 à 14:36
-- Version du serveur :  10.4.14-MariaDB
-- Version de PHP : 7.4.11

SET SQL_MODE = "NO_AUTO_VALUE_ON_ZERO";
START TRANSACTION;
SET time_zone = "+00:00";


/*!40101 SET @OLD_CHARACTER_SET_CLIENT=@@CHARACTER_SET_CLIENT */;
/*!40101 SET @OLD_CHARACTER_SET_RESULTS=@@CHARACTER_SET_RESULTS */;
/*!40101 SET @OLD_COLLATION_CONNECTION=@@COLLATION_CONNECTION */;
/*!40101 SET NAMES utf8mb4 */;

--
-- Base de données : `vivonsexpo`
--
CREATE DATABASE IF NOT EXISTS `vivonsexpo` DEFAULT CHARACTER SET utf8mb4 COLLATE utf8mb4_general_ci;
USE `vivonsexpo`;

DELIMITER $$
--
-- Procédures
--
CREATE DEFINER=`root`@`localhost` PROCEDURE `Assign_Stand` (IN `pExposantId` INT, IN `pSecteurId` INT, OUT `pUpdateBool` VARCHAR(5))  BEGIN

    DECLARE hStandId Int;
    DECLARE hAlleeId Char;
    DECLARE hTraveeId Tinyint (2);
    DECLARE hHallId Char;

    SELECT StandId, AlleeId, TraveeId, HallId_ALLEE INTO hStandId, hAlleeId, hTraveeId, hHallId
    FROM stand NATURAL JOIN travee NATURAL JOIN secteur
    WHERE secteur.SecteurId = pSecteurId
    AND stand.ExposantId IS NULL
    ORDER BY HallId_ALLEE, AlleeId, TraveeId, StandId 
    LIMIT 1;

    IF hStandId IS NOT NULL THEN
        UPDATE stand
        SET ExposantId = pExposantId
        WHERE StandId = hStandId
        AND AlleeId = hAlleeId
        AND TraveeId = hTraveeId
        AND HallId_ALLEE = hHallId
        AND HallId_TRAVEE = hHallId;

        SET pUpdateBool = 'True';
    ELSE
        SET pUpdateBool = 'False';
    END IF;

END$$

CREATE DEFINER=`root`@`localhost` PROCEDURE `Insert_Stands` ()  BEGIN

    DECLARE done INT DEFAULT 0;
    DECLARE compteur INT DEFAULT 0;
    
    DECLARE currentStand INT DEFAULT 1;
    DECLARE nbStand INT DEFAULT 12;

    DECLARE hHallId CHAR;
    DECLARE hAlleeId CHAR;
    DECLARE hTraveeId VARCHAR(2);

    DECLARE csCursor CURSOR FOR
        SELECT travee.TraveeId, travee.HallId, allee.AlleeId
        FROM travee NATURAL JOIN hall NATURAL JOIN allee
        ORDER BY HallId, TraveeId, AlleeId;


    DECLARE CONTINUE HANDLER FOR SQLSTATE '02000' SET done = 1;


    OPEN csCursor;
    FETCH csCursor INTO hTraveeId, hHallId, hAlleeId;

    WHILE (done = 0) DO

        WHILE (currentStand <= nbStand) DO

            INSERT INTO stand (StandId, AlleeId, HallId_ALLEE, TraveeId, HallId_TRAVEE)
            VALUES (currentStand, hAlleeId, hHallId, hTraveeId, hHallId);

            SET currentStand = currentStand + 1;
            SET compteur = compteur + 1;
        END WHILE;

        SET currentStand = 1;
        FETCH csCursor INTO hTraveeId, hHallId, hAlleeId;
    END WHILE;

    CLOSE csCursor;

    SELECT compteur;

END$$

DELIMITER ;

-- --------------------------------------------------------

--
-- Structure de la table `allee`
--

CREATE TABLE `allee` (
  `AlleeId` char(1) NOT NULL,
  `HallId` char(1) NOT NULL
) ENGINE=InnoDB DEFAULT CHARSET=utf8;

--
-- Déchargement des données de la table `allee`
--

INSERT INTO `allee` (`AlleeId`, `HallId`) VALUES
('A', '1'),
('A', '3'),
('B', '1'),
('B', '3'),
('C', '1'),
('C', '3'),
('D', '1'),
('D', '3');

-- --------------------------------------------------------

--
-- Structure de la table `demande`
--

CREATE TABLE `demande` (
  `DemandeId` int(11) NOT NULL,
  `Date` date DEFAULT curdate(),
  `Motif` varchar(100) DEFAULT NULL,
  `Statut` varchar(25) DEFAULT 'En attente de traitement',
  `ExposantId` int(11) NOT NULL
) ENGINE=InnoDB DEFAULT CHARSET=utf8;

--
-- Déchargement des données de la table `demande`
--

INSERT INTO `demande` (`DemandeId`, `Date`, `Motif`, `Statut`, `ExposantId`) VALUES
(5, '2021-05-06', 'Ceci est un motif de changement de stand hyper valable !', 'En attente de traitement', 1);

-- --------------------------------------------------------

--
-- Structure de la table `exposant`
--

CREATE TABLE `exposant` (
  `ExposantId` int(11) NOT NULL,
  `RaisonSociale` varchar(100) NOT NULL,
  `Activite` varchar(100) NOT NULL,
  `AnneeInscription` int(11) DEFAULT year(current_timestamp()),
  `Statut` varchar(25) DEFAULT 'En attente de validation',
  `Nom` varchar(50) NOT NULL,
  `Prenom` varchar(25) NOT NULL,
  `Telephone` varchar(10) NOT NULL,
  `Mail` varchar(100) NOT NULL,
  `UtilisateurId` int(11) NOT NULL,
  `SecteurId` int(11) NOT NULL
) ENGINE=InnoDB DEFAULT CHARSET=utf8;

--
-- Déchargement des données de la table `exposant`
--

INSERT INTO `exposant` (`ExposantId`, `RaisonSociale`, `Activite`, `AnneeInscription`, `Statut`, `Nom`, `Prenom`, `Telephone`, `Mail`, `UtilisateurId`, `SecteurId`) VALUES
(1, 'Un Brung de Bois', 'Créateur et fabricant de noeuds papillon en bois.', 2021, 'En attente de validation', 'Brung', 'Mathieu', '', 'brung.mathieu@gmail.com', 1, 11),
(2, '', '', 2021, 'En attente de validation', '', '', '', '', 2, 16),
(3, 'Ateliers Saint André', 'Menuisier-agenceur. De la fabrication de mobilier sur mesure à l\'aménagement tous corps d\'état.', 2021, 'En attente de validation', 'Asa', 'Asa', '0556352014', 'contact@asa-agencement.com', 3, 2),
(4, 'Lie-Nielsen ToolWorks', 'Fabricant d\'outils haut de gamme pour le travail du bois.', 2021, 'En attente de validation', 'Lie-Nielsen', 'Thomas', '', 'toolwork@lie-nielsen.com', 4, 11),
(5, 'Treco bois', 'Constructeur de maison à ossature bois.', 2021, 'En attente de validation', 'Treco', 'Treco', '0298042946', 'contact@trecobois.com', 5, 11),
(6, 'Gymshark', 'Fabricant et vendeur de vêtements et d\'équipements pour la musculation et le fitness.', 2021, 'En attente de validation', 'Francis', 'Ben', '', 'support@gymshark.com', 6, 12),
(7, 'Fitness Boutique', 'Vente de produits de musculation, de fitness et de nutrition sportive.', 2021, 'En attente de validation', 'Viscuso', 'Stéphane', '0476073819', '', 7, 12);

-- --------------------------------------------------------

--
-- Structure de la table `hall`
--

CREATE TABLE `hall` (
  `HallId` char(1) NOT NULL
) ENGINE=InnoDB DEFAULT CHARSET=utf8;

--
-- Déchargement des données de la table `hall`
--

INSERT INTO `hall` (`HallId`) VALUES
('1'),
('2'),
('3');

-- --------------------------------------------------------

--
-- Structure de la table `secteur`
--

CREATE TABLE `secteur` (
  `SecteurId` int(11) NOT NULL,
  `SecteurLibelle` varchar(25) DEFAULT NULL,
  `UniversId` int(11) NOT NULL
) ENGINE=InnoDB DEFAULT CHARSET=utf8;

--
-- Déchargement des données de la table `secteur`
--

INSERT INTO `secteur` (`SecteurId`, `SecteurLibelle`, `UniversId`) VALUES
(1, 'Amélioration de l\'habitat', 1),
(2, 'Ameublement', 1),
(3, 'Artisans décorateurs', 1),
(4, 'Cheminées', 1),
(5, 'Cuisines', 1),
(6, 'Décorations', 1),
(7, 'Équipement ménager', 1),
(8, 'Immobilier', 1),
(9, 'Paysagistes', 1),
(10, 'Piscines', 1),
(11, 'Vivons bois', 1),
(12, 'Équipements sportifs', 2),
(13, 'Ligues et comités', 2),
(14, 'Neige', 2),
(15, 'Cadeaux', 3),
(16, 'Créateurs', 3),
(17, 'Épicerie fine', 3),
(18, 'Producteurs', 3),
(19, 'Vins et spiritueux', 3),
(20, 'Auto', 4),
(21, 'Roulez loisirs', 4),
(22, 'Centre d\'essais', 4),
(23, 'Camping cars', 5),
(24, 'Organisme de financement', 5),
(25, 'Véhicules d\'occasions', 5);

-- --------------------------------------------------------

--
-- Structure de la table `staff`
--

CREATE TABLE `staff` (
  `StaffId` int(11) NOT NULL,
  `UtilisateurId` int(11) NOT NULL
) ENGINE=InnoDB DEFAULT CHARSET=utf8;

-- --------------------------------------------------------

--
-- Structure de la table `stand`
--

CREATE TABLE `stand` (
  `StandId` tinyint(2) NOT NULL,
  `AlleeId` char(1) NOT NULL,
  `HallId_ALLEE` char(1) NOT NULL,
  `TraveeId` tinyint(2) NOT NULL,
  `HallId_TRAVEE` char(1) NOT NULL,
  `ExposantId` int(11) DEFAULT NULL
) ENGINE=InnoDB DEFAULT CHARSET=utf8;

--
-- Déchargement des données de la table `stand`
--

INSERT INTO `stand` (`StandId`, `AlleeId`, `HallId_ALLEE`, `TraveeId`, `HallId_TRAVEE`, `ExposantId`) VALUES
(1, 'A', '1', 1, '1', NULL),
(1, 'A', '1', 2, '1', NULL),
(1, 'A', '1', 3, '1', NULL),
(1, 'A', '1', 4, '1', NULL),
(1, 'A', '1', 5, '1', NULL),
(1, 'A', '1', 6, '1', NULL),
(1, 'A', '1', 7, '1', NULL),
(1, 'A', '1', 8, '1', NULL),
(1, 'A', '1', 9, '1', NULL),
(1, 'A', '1', 10, '1', NULL),
(1, 'A', '1', 12, '1', NULL),
(1, 'A', '1', 13, '1', NULL),
(1, 'A', '1', 14, '1', NULL),
(1, 'A', '1', 15, '1', NULL),
(1, 'A', '1', 16, '1', NULL),
(1, 'A', '1', 17, '1', NULL),
(1, 'A', '1', 18, '1', NULL),
(1, 'A', '1', 20, '1', NULL),
(1, 'A', '1', 21, '1', NULL),
(1, 'A', '1', 22, '1', NULL),
(1, 'A', '1', 23, '1', NULL),
(1, 'A', '1', 24, '1', NULL),
(1, 'A', '1', 25, '1', NULL),
(1, 'A', '1', 26, '1', NULL),
(1, 'A', '1', 27, '1', NULL),
(1, 'A', '1', 28, '1', NULL),
(1, 'A', '1', 29, '1', NULL),
(1, 'A', '1', 31, '1', NULL),
(1, 'A', '1', 32, '1', NULL),
(1, 'A', '1', 33, '1', NULL),
(1, 'A', '1', 34, '1', NULL),
(1, 'A', '1', 35, '1', NULL),
(1, 'A', '3', 1, '3', NULL),
(1, 'A', '3', 2, '3', NULL),
(1, 'A', '3', 3, '3', NULL),
(1, 'A', '3', 4, '3', NULL),
(1, 'A', '3', 5, '3', NULL),
(1, 'B', '1', 1, '1', NULL),
(1, 'B', '1', 2, '1', NULL),
(1, 'B', '1', 3, '1', NULL),
(1, 'B', '1', 4, '1', NULL),
(1, 'B', '1', 5, '1', NULL),
(1, 'B', '1', 6, '1', NULL),
(1, 'B', '1', 7, '1', NULL),
(1, 'B', '1', 8, '1', NULL),
(1, 'B', '1', 9, '1', NULL),
(1, 'B', '1', 10, '1', NULL),
(1, 'B', '1', 11, '1', NULL),
(1, 'B', '1', 12, '1', NULL),
(1, 'B', '1', 13, '1', NULL),
(1, 'B', '1', 14, '1', NULL),
(1, 'B', '1', 15, '1', NULL),
(1, 'B', '1', 16, '1', NULL),
(1, 'B', '1', 17, '1', NULL),
(1, 'B', '1', 18, '1', NULL),
(1, 'B', '1', 19, '1', NULL),
(1, 'B', '1', 20, '1', NULL),
(1, 'B', '1', 21, '1', NULL),
(1, 'B', '1', 22, '1', NULL),
(1, 'B', '1', 23, '1', NULL),
(1, 'B', '1', 24, '1', NULL),
(1, 'B', '1', 25, '1', NULL),
(1, 'B', '1', 26, '1', NULL),
(1, 'B', '1', 27, '1', NULL),
(1, 'B', '1', 28, '1', NULL),
(1, 'B', '1', 29, '1', NULL),
(1, 'B', '1', 30, '1', NULL),
(1, 'B', '1', 31, '1', NULL),
(1, 'B', '1', 32, '1', NULL),
(1, 'B', '1', 33, '1', NULL),
(1, 'B', '1', 34, '1', NULL),
(1, 'B', '1', 35, '1', NULL),
(1, 'B', '3', 1, '3', NULL),
(1, 'B', '3', 2, '3', NULL),
(1, 'B', '3', 3, '3', NULL),
(1, 'B', '3', 4, '3', NULL),
(1, 'B', '3', 5, '3', NULL),
(1, 'C', '1', 1, '1', NULL),
(1, 'C', '1', 2, '1', NULL),
(1, 'C', '1', 3, '1', NULL),
(1, 'C', '1', 4, '1', NULL),
(1, 'C', '1', 5, '1', NULL),
(1, 'C', '1', 6, '1', NULL),
(1, 'C', '1', 7, '1', NULL),
(1, 'C', '1', 8, '1', NULL),
(1, 'C', '1', 9, '1', NULL),
(1, 'C', '1', 10, '1', NULL),
(1, 'C', '1', 11, '1', NULL),
(1, 'C', '1', 12, '1', NULL),
(1, 'C', '1', 13, '1', NULL),
(1, 'C', '1', 14, '1', NULL),
(1, 'C', '1', 15, '1', NULL),
(1, 'C', '1', 16, '1', NULL),
(1, 'C', '1', 17, '1', NULL),
(1, 'C', '1', 18, '1', NULL),
(1, 'C', '1', 19, '1', NULL),
(1, 'C', '1', 20, '1', NULL),
(1, 'C', '1', 21, '1', NULL),
(1, 'C', '1', 22, '1', NULL),
(1, 'C', '1', 23, '1', NULL),
(1, 'C', '1', 24, '1', NULL),
(1, 'C', '1', 25, '1', NULL),
(1, 'C', '1', 26, '1', NULL),
(1, 'C', '1', 27, '1', NULL),
(1, 'C', '1', 28, '1', NULL),
(1, 'C', '1', 29, '1', NULL),
(1, 'C', '1', 30, '1', NULL),
(1, 'C', '1', 31, '1', NULL),
(1, 'C', '1', 32, '1', NULL),
(1, 'C', '1', 33, '1', NULL),
(1, 'C', '1', 34, '1', NULL),
(1, 'C', '1', 35, '1', NULL),
(1, 'C', '3', 1, '3', NULL),
(1, 'C', '3', 2, '3', NULL),
(1, 'C', '3', 3, '3', NULL),
(1, 'C', '3', 4, '3', NULL),
(1, 'C', '3', 5, '3', NULL),
(1, 'D', '1', 1, '1', NULL),
(1, 'D', '1', 2, '1', NULL),
(1, 'D', '1', 3, '1', NULL),
(1, 'D', '1', 4, '1', NULL),
(1, 'D', '1', 5, '1', NULL),
(1, 'D', '1', 6, '1', NULL),
(1, 'D', '1', 7, '1', NULL),
(1, 'D', '1', 8, '1', NULL),
(1, 'D', '1', 9, '1', NULL),
(1, 'D', '1', 10, '1', NULL),
(1, 'D', '1', 11, '1', NULL),
(1, 'D', '1', 12, '1', NULL),
(1, 'D', '1', 13, '1', NULL),
(1, 'D', '1', 14, '1', NULL),
(1, 'D', '1', 15, '1', NULL),
(1, 'D', '1', 16, '1', NULL),
(1, 'D', '1', 17, '1', NULL),
(1, 'D', '1', 18, '1', NULL),
(1, 'D', '1', 19, '1', NULL),
(1, 'D', '1', 20, '1', NULL),
(1, 'D', '1', 21, '1', NULL),
(1, 'D', '1', 22, '1', NULL),
(1, 'D', '1', 23, '1', NULL),
(1, 'D', '1', 24, '1', NULL),
(1, 'D', '1', 25, '1', NULL),
(1, 'D', '1', 26, '1', NULL),
(1, 'D', '1', 27, '1', NULL),
(1, 'D', '1', 28, '1', NULL),
(1, 'D', '1', 29, '1', NULL),
(1, 'D', '1', 30, '1', NULL),
(1, 'D', '1', 31, '1', NULL),
(1, 'D', '1', 32, '1', NULL),
(1, 'D', '1', 33, '1', NULL),
(1, 'D', '1', 34, '1', NULL),
(1, 'D', '1', 35, '1', NULL),
(1, 'D', '3', 1, '3', NULL),
(1, 'D', '3', 2, '3', NULL),
(1, 'D', '3', 3, '3', NULL),
(1, 'D', '3', 4, '3', NULL),
(1, 'D', '3', 5, '3', NULL),
(2, 'A', '1', 1, '1', NULL),
(2, 'A', '1', 2, '1', NULL),
(2, 'A', '1', 3, '1', NULL),
(2, 'A', '1', 4, '1', NULL),
(2, 'A', '1', 5, '1', NULL),
(2, 'A', '1', 6, '1', NULL),
(2, 'A', '1', 7, '1', NULL),
(2, 'A', '1', 8, '1', NULL),
(2, 'A', '1', 9, '1', NULL),
(2, 'A', '1', 10, '1', NULL),
(2, 'A', '1', 11, '1', NULL),
(2, 'A', '1', 12, '1', NULL),
(2, 'A', '1', 13, '1', NULL),
(2, 'A', '1', 14, '1', NULL),
(2, 'A', '1', 15, '1', NULL),
(2, 'A', '1', 16, '1', NULL),
(2, 'A', '1', 17, '1', NULL),
(2, 'A', '1', 18, '1', NULL),
(2, 'A', '1', 20, '1', NULL),
(2, 'A', '1', 21, '1', NULL),
(2, 'A', '1', 22, '1', NULL),
(2, 'A', '1', 23, '1', NULL),
(2, 'A', '1', 24, '1', NULL),
(2, 'A', '1', 25, '1', NULL),
(2, 'A', '1', 26, '1', NULL),
(2, 'A', '1', 27, '1', NULL),
(2, 'A', '1', 28, '1', NULL),
(2, 'A', '1', 29, '1', NULL),
(2, 'A', '1', 31, '1', NULL),
(2, 'A', '1', 32, '1', NULL),
(2, 'A', '1', 33, '1', NULL),
(2, 'A', '1', 34, '1', NULL),
(2, 'A', '1', 35, '1', NULL),
(2, 'A', '3', 1, '3', NULL),
(2, 'A', '3', 2, '3', NULL),
(2, 'A', '3', 3, '3', NULL),
(2, 'A', '3', 4, '3', NULL),
(2, 'A', '3', 5, '3', NULL),
(2, 'B', '1', 1, '1', NULL),
(2, 'B', '1', 2, '1', NULL),
(2, 'B', '1', 3, '1', NULL),
(2, 'B', '1', 4, '1', NULL),
(2, 'B', '1', 5, '1', NULL),
(2, 'B', '1', 6, '1', NULL),
(2, 'B', '1', 7, '1', NULL),
(2, 'B', '1', 8, '1', NULL),
(2, 'B', '1', 9, '1', NULL),
(2, 'B', '1', 10, '1', NULL),
(2, 'B', '1', 11, '1', NULL),
(2, 'B', '1', 12, '1', NULL),
(2, 'B', '1', 13, '1', NULL),
(2, 'B', '1', 14, '1', NULL),
(2, 'B', '1', 15, '1', NULL),
(2, 'B', '1', 16, '1', NULL),
(2, 'B', '1', 17, '1', NULL),
(2, 'B', '1', 18, '1', NULL),
(2, 'B', '1', 19, '1', NULL),
(2, 'B', '1', 20, '1', NULL),
(2, 'B', '1', 21, '1', NULL),
(2, 'B', '1', 22, '1', NULL),
(2, 'B', '1', 23, '1', NULL),
(2, 'B', '1', 24, '1', NULL),
(2, 'B', '1', 25, '1', NULL),
(2, 'B', '1', 26, '1', NULL),
(2, 'B', '1', 27, '1', NULL),
(2, 'B', '1', 28, '1', NULL),
(2, 'B', '1', 29, '1', NULL),
(2, 'B', '1', 30, '1', NULL),
(2, 'B', '1', 31, '1', NULL),
(2, 'B', '1', 32, '1', NULL),
(2, 'B', '1', 33, '1', NULL),
(2, 'B', '1', 34, '1', NULL),
(2, 'B', '1', 35, '1', NULL),
(2, 'B', '3', 1, '3', NULL),
(2, 'B', '3', 2, '3', NULL),
(2, 'B', '3', 3, '3', NULL),
(2, 'B', '3', 4, '3', NULL),
(2, 'B', '3', 5, '3', NULL),
(2, 'C', '1', 1, '1', NULL),
(2, 'C', '1', 2, '1', NULL),
(2, 'C', '1', 3, '1', NULL),
(2, 'C', '1', 4, '1', NULL),
(2, 'C', '1', 5, '1', NULL),
(2, 'C', '1', 6, '1', NULL),
(2, 'C', '1', 7, '1', NULL),
(2, 'C', '1', 8, '1', NULL),
(2, 'C', '1', 9, '1', NULL),
(2, 'C', '1', 10, '1', NULL),
(2, 'C', '1', 11, '1', NULL),
(2, 'C', '1', 12, '1', NULL),
(2, 'C', '1', 13, '1', NULL),
(2, 'C', '1', 14, '1', NULL),
(2, 'C', '1', 15, '1', NULL),
(2, 'C', '1', 16, '1', NULL),
(2, 'C', '1', 17, '1', NULL),
(2, 'C', '1', 18, '1', NULL),
(2, 'C', '1', 19, '1', NULL),
(2, 'C', '1', 20, '1', NULL),
(2, 'C', '1', 21, '1', NULL),
(2, 'C', '1', 22, '1', NULL),
(2, 'C', '1', 23, '1', NULL),
(2, 'C', '1', 24, '1', NULL),
(2, 'C', '1', 25, '1', NULL),
(2, 'C', '1', 26, '1', NULL),
(2, 'C', '1', 27, '1', NULL),
(2, 'C', '1', 28, '1', NULL),
(2, 'C', '1', 29, '1', NULL),
(2, 'C', '1', 30, '1', NULL),
(2, 'C', '1', 31, '1', NULL),
(2, 'C', '1', 32, '1', NULL),
(2, 'C', '1', 33, '1', NULL),
(2, 'C', '1', 34, '1', NULL),
(2, 'C', '1', 35, '1', NULL),
(2, 'C', '3', 1, '3', NULL),
(2, 'C', '3', 2, '3', NULL),
(2, 'C', '3', 3, '3', NULL),
(2, 'C', '3', 4, '3', NULL),
(2, 'C', '3', 5, '3', NULL),
(2, 'D', '1', 1, '1', NULL),
(2, 'D', '1', 2, '1', NULL),
(2, 'D', '1', 3, '1', NULL),
(2, 'D', '1', 4, '1', NULL),
(2, 'D', '1', 5, '1', NULL),
(2, 'D', '1', 6, '1', NULL),
(2, 'D', '1', 7, '1', NULL),
(2, 'D', '1', 8, '1', NULL),
(2, 'D', '1', 9, '1', NULL),
(2, 'D', '1', 10, '1', NULL),
(2, 'D', '1', 11, '1', NULL),
(2, 'D', '1', 12, '1', NULL),
(2, 'D', '1', 13, '1', NULL),
(2, 'D', '1', 14, '1', NULL),
(2, 'D', '1', 15, '1', NULL),
(2, 'D', '1', 16, '1', NULL),
(2, 'D', '1', 17, '1', NULL),
(2, 'D', '1', 18, '1', NULL),
(2, 'D', '1', 19, '1', NULL),
(2, 'D', '1', 20, '1', NULL),
(2, 'D', '1', 21, '1', NULL),
(2, 'D', '1', 22, '1', NULL),
(2, 'D', '1', 23, '1', NULL),
(2, 'D', '1', 24, '1', NULL),
(2, 'D', '1', 25, '1', NULL),
(2, 'D', '1', 26, '1', NULL),
(2, 'D', '1', 27, '1', NULL),
(2, 'D', '1', 28, '1', NULL),
(2, 'D', '1', 29, '1', NULL),
(2, 'D', '1', 30, '1', NULL),
(2, 'D', '1', 31, '1', NULL),
(2, 'D', '1', 32, '1', NULL),
(2, 'D', '1', 33, '1', NULL),
(2, 'D', '1', 34, '1', NULL),
(2, 'D', '1', 35, '1', NULL),
(2, 'D', '3', 1, '3', NULL),
(2, 'D', '3', 2, '3', NULL),
(2, 'D', '3', 3, '3', NULL),
(2, 'D', '3', 4, '3', NULL),
(2, 'D', '3', 5, '3', NULL),
(3, 'A', '1', 1, '1', NULL),
(3, 'A', '1', 2, '1', NULL),
(3, 'A', '1', 3, '1', NULL),
(3, 'A', '1', 4, '1', NULL),
(3, 'A', '1', 5, '1', NULL),
(3, 'A', '1', 6, '1', NULL),
(3, 'A', '1', 7, '1', NULL),
(3, 'A', '1', 8, '1', NULL),
(3, 'A', '1', 9, '1', NULL),
(3, 'A', '1', 10, '1', NULL),
(3, 'A', '1', 11, '1', NULL),
(3, 'A', '1', 12, '1', NULL),
(3, 'A', '1', 13, '1', NULL),
(3, 'A', '1', 14, '1', NULL),
(3, 'A', '1', 15, '1', NULL),
(3, 'A', '1', 16, '1', NULL),
(3, 'A', '1', 17, '1', NULL),
(3, 'A', '1', 18, '1', NULL),
(3, 'A', '1', 20, '1', NULL),
(3, 'A', '1', 21, '1', NULL),
(3, 'A', '1', 22, '1', NULL),
(3, 'A', '1', 23, '1', NULL),
(3, 'A', '1', 24, '1', NULL),
(3, 'A', '1', 25, '1', NULL),
(3, 'A', '1', 26, '1', NULL),
(3, 'A', '1', 27, '1', NULL),
(3, 'A', '1', 28, '1', NULL),
(3, 'A', '1', 29, '1', NULL),
(3, 'A', '1', 30, '1', NULL),
(3, 'A', '1', 31, '1', NULL),
(3, 'A', '1', 32, '1', NULL),
(3, 'A', '1', 33, '1', NULL),
(3, 'A', '1', 34, '1', NULL),
(3, 'A', '1', 35, '1', NULL),
(3, 'A', '3', 1, '3', NULL),
(3, 'A', '3', 2, '3', NULL),
(3, 'A', '3', 3, '3', NULL),
(3, 'A', '3', 4, '3', NULL),
(3, 'A', '3', 5, '3', NULL),
(3, 'B', '1', 1, '1', NULL),
(3, 'B', '1', 2, '1', NULL),
(3, 'B', '1', 3, '1', NULL),
(3, 'B', '1', 4, '1', NULL),
(3, 'B', '1', 5, '1', NULL),
(3, 'B', '1', 6, '1', NULL),
(3, 'B', '1', 7, '1', NULL),
(3, 'B', '1', 8, '1', NULL),
(3, 'B', '1', 9, '1', NULL),
(3, 'B', '1', 10, '1', NULL),
(3, 'B', '1', 11, '1', NULL),
(3, 'B', '1', 12, '1', NULL),
(3, 'B', '1', 13, '1', NULL),
(3, 'B', '1', 14, '1', NULL),
(3, 'B', '1', 15, '1', NULL),
(3, 'B', '1', 16, '1', NULL),
(3, 'B', '1', 17, '1', NULL),
(3, 'B', '1', 18, '1', NULL),
(3, 'B', '1', 19, '1', NULL),
(3, 'B', '1', 20, '1', NULL),
(3, 'B', '1', 21, '1', NULL),
(3, 'B', '1', 22, '1', NULL),
(3, 'B', '1', 23, '1', NULL),
(3, 'B', '1', 24, '1', NULL),
(3, 'B', '1', 25, '1', NULL),
(3, 'B', '1', 26, '1', NULL),
(3, 'B', '1', 27, '1', NULL),
(3, 'B', '1', 28, '1', NULL),
(3, 'B', '1', 29, '1', NULL),
(3, 'B', '1', 30, '1', NULL),
(3, 'B', '1', 31, '1', NULL),
(3, 'B', '1', 32, '1', NULL),
(3, 'B', '1', 33, '1', NULL),
(3, 'B', '1', 34, '1', NULL),
(3, 'B', '1', 35, '1', NULL),
(3, 'B', '3', 1, '3', NULL),
(3, 'B', '3', 2, '3', NULL),
(3, 'B', '3', 3, '3', NULL),
(3, 'B', '3', 4, '3', NULL),
(3, 'B', '3', 5, '3', NULL),
(3, 'C', '1', 1, '1', NULL),
(3, 'C', '1', 2, '1', NULL),
(3, 'C', '1', 3, '1', NULL),
(3, 'C', '1', 4, '1', NULL),
(3, 'C', '1', 5, '1', NULL),
(3, 'C', '1', 6, '1', NULL),
(3, 'C', '1', 7, '1', NULL),
(3, 'C', '1', 8, '1', NULL),
(3, 'C', '1', 9, '1', NULL),
(3, 'C', '1', 10, '1', NULL),
(3, 'C', '1', 11, '1', NULL),
(3, 'C', '1', 12, '1', NULL),
(3, 'C', '1', 13, '1', NULL),
(3, 'C', '1', 14, '1', NULL),
(3, 'C', '1', 15, '1', NULL),
(3, 'C', '1', 16, '1', NULL),
(3, 'C', '1', 17, '1', NULL),
(3, 'C', '1', 18, '1', NULL),
(3, 'C', '1', 19, '1', NULL),
(3, 'C', '1', 20, '1', NULL),
(3, 'C', '1', 21, '1', NULL),
(3, 'C', '1', 22, '1', NULL),
(3, 'C', '1', 23, '1', NULL),
(3, 'C', '1', 24, '1', NULL),
(3, 'C', '1', 25, '1', NULL),
(3, 'C', '1', 26, '1', NULL),
(3, 'C', '1', 27, '1', NULL),
(3, 'C', '1', 28, '1', NULL),
(3, 'C', '1', 29, '1', NULL),
(3, 'C', '1', 30, '1', NULL),
(3, 'C', '1', 31, '1', NULL),
(3, 'C', '1', 32, '1', NULL),
(3, 'C', '1', 33, '1', NULL),
(3, 'C', '1', 34, '1', NULL),
(3, 'C', '1', 35, '1', NULL),
(3, 'C', '3', 1, '3', NULL),
(3, 'C', '3', 2, '3', NULL),
(3, 'C', '3', 3, '3', NULL),
(3, 'C', '3', 4, '3', NULL),
(3, 'C', '3', 5, '3', NULL),
(3, 'D', '1', 1, '1', NULL),
(3, 'D', '1', 2, '1', NULL),
(3, 'D', '1', 3, '1', NULL),
(3, 'D', '1', 4, '1', NULL),
(3, 'D', '1', 5, '1', NULL),
(3, 'D', '1', 6, '1', NULL),
(3, 'D', '1', 7, '1', NULL),
(3, 'D', '1', 8, '1', NULL),
(3, 'D', '1', 9, '1', NULL),
(3, 'D', '1', 10, '1', NULL),
(3, 'D', '1', 11, '1', NULL),
(3, 'D', '1', 12, '1', NULL),
(3, 'D', '1', 13, '1', NULL),
(3, 'D', '1', 14, '1', NULL),
(3, 'D', '1', 15, '1', NULL),
(3, 'D', '1', 16, '1', NULL),
(3, 'D', '1', 17, '1', NULL),
(3, 'D', '1', 18, '1', NULL),
(3, 'D', '1', 19, '1', NULL),
(3, 'D', '1', 20, '1', NULL),
(3, 'D', '1', 21, '1', NULL),
(3, 'D', '1', 22, '1', NULL),
(3, 'D', '1', 23, '1', NULL),
(3, 'D', '1', 24, '1', NULL),
(3, 'D', '1', 25, '1', NULL),
(3, 'D', '1', 26, '1', NULL),
(3, 'D', '1', 27, '1', NULL),
(3, 'D', '1', 28, '1', NULL),
(3, 'D', '1', 29, '1', NULL),
(3, 'D', '1', 30, '1', NULL),
(3, 'D', '1', 31, '1', NULL),
(3, 'D', '1', 32, '1', NULL),
(3, 'D', '1', 33, '1', NULL),
(3, 'D', '1', 34, '1', NULL),
(3, 'D', '1', 35, '1', NULL),
(3, 'D', '3', 1, '3', NULL),
(3, 'D', '3', 2, '3', NULL),
(3, 'D', '3', 3, '3', NULL),
(3, 'D', '3', 4, '3', NULL),
(3, 'D', '3', 5, '3', NULL),
(4, 'A', '1', 1, '1', NULL),
(4, 'A', '1', 2, '1', NULL),
(4, 'A', '1', 3, '1', NULL),
(4, 'A', '1', 4, '1', NULL),
(4, 'A', '1', 5, '1', NULL),
(4, 'A', '1', 6, '1', NULL),
(4, 'A', '1', 7, '1', NULL),
(4, 'A', '1', 8, '1', NULL),
(4, 'A', '1', 9, '1', NULL),
(4, 'A', '1', 10, '1', NULL),
(4, 'A', '1', 11, '1', NULL),
(4, 'A', '1', 12, '1', NULL),
(4, 'A', '1', 13, '1', NULL),
(4, 'A', '1', 14, '1', NULL),
(4, 'A', '1', 15, '1', NULL),
(4, 'A', '1', 16, '1', NULL),
(4, 'A', '1', 17, '1', NULL),
(4, 'A', '1', 18, '1', NULL),
(4, 'A', '1', 19, '1', NULL),
(4, 'A', '1', 20, '1', NULL),
(4, 'A', '1', 21, '1', NULL),
(4, 'A', '1', 22, '1', NULL),
(4, 'A', '1', 23, '1', NULL),
(4, 'A', '1', 24, '1', NULL),
(4, 'A', '1', 25, '1', NULL),
(4, 'A', '1', 26, '1', NULL),
(4, 'A', '1', 27, '1', NULL),
(4, 'A', '1', 28, '1', NULL),
(4, 'A', '1', 29, '1', NULL),
(4, 'A', '1', 30, '1', NULL),
(4, 'A', '1', 31, '1', NULL),
(4, 'A', '1', 32, '1', NULL),
(4, 'A', '1', 33, '1', NULL),
(4, 'A', '1', 34, '1', NULL),
(4, 'A', '1', 35, '1', NULL),
(4, 'A', '3', 1, '3', NULL),
(4, 'A', '3', 2, '3', NULL),
(4, 'A', '3', 3, '3', NULL),
(4, 'A', '3', 4, '3', NULL),
(4, 'A', '3', 5, '3', NULL),
(4, 'B', '1', 1, '1', NULL),
(4, 'B', '1', 2, '1', NULL),
(4, 'B', '1', 3, '1', NULL),
(4, 'B', '1', 4, '1', NULL),
(4, 'B', '1', 5, '1', NULL),
(4, 'B', '1', 6, '1', NULL),
(4, 'B', '1', 7, '1', NULL),
(4, 'B', '1', 8, '1', NULL),
(4, 'B', '1', 9, '1', NULL),
(4, 'B', '1', 10, '1', NULL),
(4, 'B', '1', 11, '1', NULL),
(4, 'B', '1', 12, '1', NULL),
(4, 'B', '1', 13, '1', NULL),
(4, 'B', '1', 14, '1', NULL),
(4, 'B', '1', 15, '1', NULL),
(4, 'B', '1', 16, '1', NULL),
(4, 'B', '1', 17, '1', NULL),
(4, 'B', '1', 18, '1', NULL),
(4, 'B', '1', 19, '1', NULL),
(4, 'B', '1', 20, '1', NULL),
(4, 'B', '1', 21, '1', NULL),
(4, 'B', '1', 22, '1', NULL),
(4, 'B', '1', 23, '1', NULL),
(4, 'B', '1', 24, '1', NULL),
(4, 'B', '1', 25, '1', NULL),
(4, 'B', '1', 26, '1', NULL),
(4, 'B', '1', 27, '1', NULL),
(4, 'B', '1', 28, '1', NULL),
(4, 'B', '1', 29, '1', NULL),
(4, 'B', '1', 30, '1', NULL),
(4, 'B', '1', 31, '1', NULL),
(4, 'B', '1', 32, '1', NULL),
(4, 'B', '1', 33, '1', NULL),
(4, 'B', '1', 34, '1', NULL),
(4, 'B', '1', 35, '1', NULL),
(4, 'B', '3', 1, '3', NULL),
(4, 'B', '3', 2, '3', NULL),
(4, 'B', '3', 3, '3', NULL),
(4, 'B', '3', 4, '3', NULL),
(4, 'B', '3', 5, '3', NULL),
(4, 'C', '1', 1, '1', NULL),
(4, 'C', '1', 2, '1', NULL),
(4, 'C', '1', 3, '1', NULL),
(4, 'C', '1', 4, '1', NULL),
(4, 'C', '1', 5, '1', NULL),
(4, 'C', '1', 6, '1', NULL),
(4, 'C', '1', 7, '1', NULL),
(4, 'C', '1', 8, '1', NULL),
(4, 'C', '1', 9, '1', NULL),
(4, 'C', '1', 10, '1', NULL),
(4, 'C', '1', 11, '1', NULL),
(4, 'C', '1', 12, '1', NULL),
(4, 'C', '1', 13, '1', NULL),
(4, 'C', '1', 14, '1', NULL),
(4, 'C', '1', 15, '1', NULL),
(4, 'C', '1', 16, '1', NULL),
(4, 'C', '1', 17, '1', NULL),
(4, 'C', '1', 18, '1', NULL),
(4, 'C', '1', 19, '1', NULL),
(4, 'C', '1', 20, '1', NULL),
(4, 'C', '1', 21, '1', NULL),
(4, 'C', '1', 22, '1', NULL),
(4, 'C', '1', 23, '1', NULL),
(4, 'C', '1', 24, '1', NULL),
(4, 'C', '1', 25, '1', NULL),
(4, 'C', '1', 26, '1', NULL),
(4, 'C', '1', 27, '1', NULL),
(4, 'C', '1', 28, '1', NULL),
(4, 'C', '1', 29, '1', NULL),
(4, 'C', '1', 30, '1', NULL),
(4, 'C', '1', 31, '1', NULL),
(4, 'C', '1', 32, '1', NULL),
(4, 'C', '1', 33, '1', NULL),
(4, 'C', '1', 34, '1', NULL),
(4, 'C', '1', 35, '1', NULL),
(4, 'C', '3', 1, '3', NULL),
(4, 'C', '3', 2, '3', NULL),
(4, 'C', '3', 3, '3', NULL),
(4, 'C', '3', 4, '3', NULL),
(4, 'C', '3', 5, '3', NULL),
(4, 'D', '1', 1, '1', NULL),
(4, 'D', '1', 2, '1', NULL),
(4, 'D', '1', 3, '1', NULL),
(4, 'D', '1', 4, '1', NULL),
(4, 'D', '1', 5, '1', NULL),
(4, 'D', '1', 6, '1', NULL),
(4, 'D', '1', 7, '1', NULL),
(4, 'D', '1', 8, '1', NULL),
(4, 'D', '1', 9, '1', NULL),
(4, 'D', '1', 10, '1', NULL),
(4, 'D', '1', 11, '1', NULL),
(4, 'D', '1', 12, '1', NULL),
(4, 'D', '1', 13, '1', NULL),
(4, 'D', '1', 14, '1', NULL),
(4, 'D', '1', 15, '1', NULL),
(4, 'D', '1', 16, '1', NULL),
(4, 'D', '1', 17, '1', NULL),
(4, 'D', '1', 18, '1', NULL),
(4, 'D', '1', 19, '1', NULL),
(4, 'D', '1', 20, '1', NULL),
(4, 'D', '1', 21, '1', NULL),
(4, 'D', '1', 22, '1', NULL),
(4, 'D', '1', 23, '1', NULL),
(4, 'D', '1', 24, '1', NULL),
(4, 'D', '1', 25, '1', NULL),
(4, 'D', '1', 26, '1', NULL),
(4, 'D', '1', 27, '1', NULL),
(4, 'D', '1', 28, '1', NULL),
(4, 'D', '1', 29, '1', NULL),
(4, 'D', '1', 30, '1', NULL),
(4, 'D', '1', 31, '1', NULL),
(4, 'D', '1', 32, '1', NULL),
(4, 'D', '1', 33, '1', NULL),
(4, 'D', '1', 34, '1', NULL),
(4, 'D', '1', 35, '1', NULL),
(4, 'D', '3', 1, '3', NULL),
(4, 'D', '3', 2, '3', NULL),
(4, 'D', '3', 3, '3', NULL),
(4, 'D', '3', 4, '3', NULL),
(4, 'D', '3', 5, '3', NULL),
(5, 'A', '1', 1, '1', NULL),
(5, 'A', '1', 2, '1', NULL),
(5, 'A', '1', 3, '1', NULL),
(5, 'A', '1', 4, '1', NULL),
(5, 'A', '1', 5, '1', NULL),
(5, 'A', '1', 6, '1', NULL),
(5, 'A', '1', 7, '1', NULL),
(5, 'A', '1', 8, '1', NULL),
(5, 'A', '1', 9, '1', NULL),
(5, 'A', '1', 10, '1', NULL),
(5, 'A', '1', 11, '1', NULL),
(5, 'A', '1', 12, '1', NULL),
(5, 'A', '1', 13, '1', NULL),
(5, 'A', '1', 14, '1', NULL),
(5, 'A', '1', 15, '1', NULL),
(5, 'A', '1', 16, '1', NULL),
(5, 'A', '1', 17, '1', NULL),
(5, 'A', '1', 18, '1', NULL),
(5, 'A', '1', 19, '1', NULL),
(5, 'A', '1', 20, '1', NULL),
(5, 'A', '1', 21, '1', NULL),
(5, 'A', '1', 22, '1', NULL),
(5, 'A', '1', 23, '1', NULL),
(5, 'A', '1', 24, '1', NULL),
(5, 'A', '1', 25, '1', NULL),
(5, 'A', '1', 26, '1', NULL),
(5, 'A', '1', 27, '1', NULL),
(5, 'A', '1', 28, '1', NULL),
(5, 'A', '1', 29, '1', NULL),
(5, 'A', '1', 30, '1', NULL),
(5, 'A', '1', 31, '1', NULL),
(5, 'A', '1', 32, '1', NULL),
(5, 'A', '1', 33, '1', NULL),
(5, 'A', '1', 34, '1', NULL),
(5, 'A', '1', 35, '1', NULL),
(5, 'A', '3', 1, '3', NULL),
(5, 'A', '3', 2, '3', NULL),
(5, 'A', '3', 3, '3', NULL),
(5, 'A', '3', 4, '3', NULL),
(5, 'A', '3', 5, '3', NULL),
(5, 'B', '1', 1, '1', NULL),
(5, 'B', '1', 2, '1', NULL),
(5, 'B', '1', 3, '1', NULL),
(5, 'B', '1', 4, '1', NULL),
(5, 'B', '1', 5, '1', NULL),
(5, 'B', '1', 6, '1', NULL),
(5, 'B', '1', 7, '1', NULL),
(5, 'B', '1', 8, '1', NULL),
(5, 'B', '1', 9, '1', NULL),
(5, 'B', '1', 10, '1', NULL),
(5, 'B', '1', 11, '1', NULL),
(5, 'B', '1', 12, '1', NULL),
(5, 'B', '1', 13, '1', NULL),
(5, 'B', '1', 14, '1', NULL),
(5, 'B', '1', 15, '1', NULL),
(5, 'B', '1', 16, '1', NULL),
(5, 'B', '1', 17, '1', NULL),
(5, 'B', '1', 18, '1', NULL),
(5, 'B', '1', 19, '1', NULL),
(5, 'B', '1', 20, '1', NULL),
(5, 'B', '1', 21, '1', NULL),
(5, 'B', '1', 22, '1', NULL),
(5, 'B', '1', 23, '1', NULL),
(5, 'B', '1', 24, '1', NULL),
(5, 'B', '1', 25, '1', NULL),
(5, 'B', '1', 26, '1', NULL),
(5, 'B', '1', 27, '1', NULL),
(5, 'B', '1', 28, '1', NULL),
(5, 'B', '1', 29, '1', NULL),
(5, 'B', '1', 30, '1', NULL),
(5, 'B', '1', 31, '1', NULL),
(5, 'B', '1', 32, '1', NULL),
(5, 'B', '1', 33, '1', NULL),
(5, 'B', '1', 34, '1', NULL),
(5, 'B', '1', 35, '1', NULL),
(5, 'B', '3', 1, '3', NULL),
(5, 'B', '3', 2, '3', NULL),
(5, 'B', '3', 3, '3', NULL),
(5, 'B', '3', 4, '3', NULL),
(5, 'B', '3', 5, '3', NULL),
(5, 'C', '1', 1, '1', NULL),
(5, 'C', '1', 2, '1', NULL),
(5, 'C', '1', 3, '1', NULL),
(5, 'C', '1', 4, '1', NULL),
(5, 'C', '1', 5, '1', NULL),
(5, 'C', '1', 6, '1', NULL),
(5, 'C', '1', 7, '1', NULL),
(5, 'C', '1', 8, '1', NULL),
(5, 'C', '1', 9, '1', NULL),
(5, 'C', '1', 10, '1', NULL),
(5, 'C', '1', 11, '1', NULL),
(5, 'C', '1', 12, '1', NULL),
(5, 'C', '1', 13, '1', NULL),
(5, 'C', '1', 14, '1', NULL),
(5, 'C', '1', 15, '1', NULL),
(5, 'C', '1', 16, '1', NULL),
(5, 'C', '1', 17, '1', NULL),
(5, 'C', '1', 18, '1', NULL),
(5, 'C', '1', 19, '1', NULL),
(5, 'C', '1', 20, '1', NULL),
(5, 'C', '1', 21, '1', NULL),
(5, 'C', '1', 22, '1', NULL),
(5, 'C', '1', 23, '1', NULL),
(5, 'C', '1', 24, '1', NULL),
(5, 'C', '1', 25, '1', NULL),
(5, 'C', '1', 26, '1', NULL),
(5, 'C', '1', 27, '1', NULL),
(5, 'C', '1', 28, '1', NULL),
(5, 'C', '1', 29, '1', NULL),
(5, 'C', '1', 30, '1', NULL),
(5, 'C', '1', 31, '1', NULL),
(5, 'C', '1', 32, '1', NULL),
(5, 'C', '1', 33, '1', NULL),
(5, 'C', '1', 34, '1', NULL),
(5, 'C', '1', 35, '1', NULL),
(5, 'C', '3', 1, '3', NULL),
(5, 'C', '3', 2, '3', NULL),
(5, 'C', '3', 3, '3', NULL),
(5, 'C', '3', 4, '3', NULL),
(5, 'C', '3', 5, '3', NULL),
(5, 'D', '1', 1, '1', NULL),
(5, 'D', '1', 2, '1', NULL),
(5, 'D', '1', 3, '1', NULL),
(5, 'D', '1', 4, '1', NULL),
(5, 'D', '1', 5, '1', NULL),
(5, 'D', '1', 6, '1', NULL),
(5, 'D', '1', 7, '1', NULL),
(5, 'D', '1', 8, '1', NULL),
(5, 'D', '1', 9, '1', NULL),
(5, 'D', '1', 10, '1', NULL),
(5, 'D', '1', 11, '1', NULL),
(5, 'D', '1', 12, '1', NULL),
(5, 'D', '1', 13, '1', NULL),
(5, 'D', '1', 14, '1', NULL),
(5, 'D', '1', 15, '1', NULL),
(5, 'D', '1', 16, '1', NULL),
(5, 'D', '1', 17, '1', NULL),
(5, 'D', '1', 18, '1', NULL),
(5, 'D', '1', 19, '1', NULL),
(5, 'D', '1', 20, '1', NULL),
(5, 'D', '1', 21, '1', NULL),
(5, 'D', '1', 22, '1', NULL),
(5, 'D', '1', 23, '1', NULL),
(5, 'D', '1', 24, '1', NULL),
(5, 'D', '1', 25, '1', NULL),
(5, 'D', '1', 26, '1', NULL),
(5, 'D', '1', 27, '1', NULL),
(5, 'D', '1', 28, '1', NULL),
(5, 'D', '1', 29, '1', NULL),
(5, 'D', '1', 30, '1', NULL),
(5, 'D', '1', 31, '1', NULL),
(5, 'D', '1', 32, '1', NULL),
(5, 'D', '1', 33, '1', NULL),
(5, 'D', '1', 34, '1', NULL),
(5, 'D', '1', 35, '1', NULL),
(5, 'D', '3', 1, '3', NULL),
(5, 'D', '3', 2, '3', NULL),
(5, 'D', '3', 3, '3', NULL),
(5, 'D', '3', 4, '3', NULL),
(5, 'D', '3', 5, '3', NULL),
(6, 'A', '1', 1, '1', NULL),
(6, 'A', '1', 2, '1', NULL),
(6, 'A', '1', 3, '1', NULL),
(6, 'A', '1', 4, '1', NULL),
(6, 'A', '1', 5, '1', NULL),
(6, 'A', '1', 6, '1', NULL),
(6, 'A', '1', 7, '1', NULL),
(6, 'A', '1', 8, '1', NULL),
(6, 'A', '1', 9, '1', NULL),
(6, 'A', '1', 10, '1', NULL),
(6, 'A', '1', 11, '1', NULL),
(6, 'A', '1', 12, '1', NULL),
(6, 'A', '1', 13, '1', NULL),
(6, 'A', '1', 14, '1', NULL),
(6, 'A', '1', 15, '1', NULL),
(6, 'A', '1', 16, '1', NULL),
(6, 'A', '1', 17, '1', NULL),
(6, 'A', '1', 18, '1', NULL),
(6, 'A', '1', 19, '1', NULL),
(6, 'A', '1', 20, '1', NULL),
(6, 'A', '1', 21, '1', NULL),
(6, 'A', '1', 22, '1', NULL),
(6, 'A', '1', 23, '1', NULL),
(6, 'A', '1', 24, '1', NULL),
(6, 'A', '1', 25, '1', NULL),
(6, 'A', '1', 26, '1', NULL),
(6, 'A', '1', 27, '1', NULL),
(6, 'A', '1', 28, '1', NULL),
(6, 'A', '1', 29, '1', NULL),
(6, 'A', '1', 30, '1', NULL),
(6, 'A', '1', 31, '1', NULL),
(6, 'A', '1', 32, '1', NULL),
(6, 'A', '1', 33, '1', NULL),
(6, 'A', '1', 34, '1', NULL),
(6, 'A', '1', 35, '1', NULL),
(6, 'A', '3', 1, '3', NULL),
(6, 'A', '3', 2, '3', NULL),
(6, 'A', '3', 3, '3', NULL),
(6, 'A', '3', 4, '3', NULL),
(6, 'A', '3', 5, '3', NULL),
(6, 'B', '1', 1, '1', NULL),
(6, 'B', '1', 2, '1', NULL),
(6, 'B', '1', 3, '1', NULL),
(6, 'B', '1', 4, '1', NULL),
(6, 'B', '1', 5, '1', NULL),
(6, 'B', '1', 6, '1', NULL),
(6, 'B', '1', 7, '1', NULL),
(6, 'B', '1', 8, '1', NULL),
(6, 'B', '1', 9, '1', NULL),
(6, 'B', '1', 10, '1', NULL),
(6, 'B', '1', 11, '1', NULL),
(6, 'B', '1', 12, '1', NULL),
(6, 'B', '1', 13, '1', NULL),
(6, 'B', '1', 14, '1', NULL),
(6, 'B', '1', 15, '1', NULL),
(6, 'B', '1', 16, '1', NULL),
(6, 'B', '1', 17, '1', NULL),
(6, 'B', '1', 18, '1', NULL),
(6, 'B', '1', 19, '1', NULL),
(6, 'B', '1', 20, '1', NULL),
(6, 'B', '1', 21, '1', NULL),
(6, 'B', '1', 22, '1', NULL),
(6, 'B', '1', 23, '1', NULL),
(6, 'B', '1', 24, '1', NULL),
(6, 'B', '1', 25, '1', NULL),
(6, 'B', '1', 26, '1', NULL),
(6, 'B', '1', 27, '1', NULL),
(6, 'B', '1', 28, '1', NULL),
(6, 'B', '1', 29, '1', NULL),
(6, 'B', '1', 30, '1', NULL),
(6, 'B', '1', 31, '1', NULL),
(6, 'B', '1', 32, '1', NULL),
(6, 'B', '1', 33, '1', NULL),
(6, 'B', '1', 34, '1', NULL),
(6, 'B', '1', 35, '1', NULL),
(6, 'B', '3', 1, '3', NULL),
(6, 'B', '3', 2, '3', NULL),
(6, 'B', '3', 3, '3', NULL),
(6, 'B', '3', 4, '3', NULL),
(6, 'B', '3', 5, '3', NULL),
(6, 'C', '1', 1, '1', NULL),
(6, 'C', '1', 2, '1', NULL),
(6, 'C', '1', 3, '1', NULL),
(6, 'C', '1', 4, '1', NULL),
(6, 'C', '1', 5, '1', NULL),
(6, 'C', '1', 6, '1', NULL),
(6, 'C', '1', 7, '1', NULL),
(6, 'C', '1', 8, '1', NULL),
(6, 'C', '1', 9, '1', NULL),
(6, 'C', '1', 10, '1', NULL),
(6, 'C', '1', 11, '1', NULL),
(6, 'C', '1', 12, '1', NULL),
(6, 'C', '1', 13, '1', NULL),
(6, 'C', '1', 14, '1', NULL),
(6, 'C', '1', 15, '1', NULL),
(6, 'C', '1', 16, '1', NULL),
(6, 'C', '1', 17, '1', NULL),
(6, 'C', '1', 18, '1', NULL),
(6, 'C', '1', 19, '1', NULL),
(6, 'C', '1', 20, '1', NULL),
(6, 'C', '1', 21, '1', NULL),
(6, 'C', '1', 22, '1', NULL),
(6, 'C', '1', 23, '1', NULL),
(6, 'C', '1', 24, '1', NULL),
(6, 'C', '1', 25, '1', NULL),
(6, 'C', '1', 26, '1', NULL),
(6, 'C', '1', 27, '1', NULL),
(6, 'C', '1', 28, '1', NULL),
(6, 'C', '1', 29, '1', NULL),
(6, 'C', '1', 30, '1', NULL),
(6, 'C', '1', 31, '1', NULL),
(6, 'C', '1', 32, '1', NULL),
(6, 'C', '1', 33, '1', NULL),
(6, 'C', '1', 34, '1', NULL),
(6, 'C', '1', 35, '1', NULL),
(6, 'C', '3', 1, '3', NULL),
(6, 'C', '3', 2, '3', NULL),
(6, 'C', '3', 3, '3', NULL),
(6, 'C', '3', 4, '3', NULL),
(6, 'C', '3', 5, '3', NULL),
(6, 'D', '1', 1, '1', NULL),
(6, 'D', '1', 2, '1', NULL),
(6, 'D', '1', 3, '1', NULL),
(6, 'D', '1', 4, '1', NULL),
(6, 'D', '1', 5, '1', NULL),
(6, 'D', '1', 6, '1', NULL),
(6, 'D', '1', 7, '1', NULL),
(6, 'D', '1', 8, '1', NULL),
(6, 'D', '1', 9, '1', NULL),
(6, 'D', '1', 10, '1', NULL),
(6, 'D', '1', 11, '1', NULL),
(6, 'D', '1', 12, '1', NULL),
(6, 'D', '1', 13, '1', NULL),
(6, 'D', '1', 14, '1', NULL),
(6, 'D', '1', 15, '1', NULL),
(6, 'D', '1', 16, '1', NULL),
(6, 'D', '1', 17, '1', NULL),
(6, 'D', '1', 18, '1', NULL),
(6, 'D', '1', 19, '1', NULL),
(6, 'D', '1', 20, '1', NULL),
(6, 'D', '1', 21, '1', NULL),
(6, 'D', '1', 22, '1', NULL),
(6, 'D', '1', 23, '1', NULL),
(6, 'D', '1', 24, '1', NULL),
(6, 'D', '1', 25, '1', NULL),
(6, 'D', '1', 26, '1', NULL),
(6, 'D', '1', 27, '1', NULL),
(6, 'D', '1', 28, '1', NULL),
(6, 'D', '1', 29, '1', NULL),
(6, 'D', '1', 30, '1', NULL),
(6, 'D', '1', 31, '1', NULL),
(6, 'D', '1', 32, '1', NULL),
(6, 'D', '1', 33, '1', NULL),
(6, 'D', '1', 34, '1', NULL),
(6, 'D', '1', 35, '1', NULL),
(6, 'D', '3', 1, '3', NULL),
(6, 'D', '3', 2, '3', NULL),
(6, 'D', '3', 3, '3', NULL),
(6, 'D', '3', 4, '3', NULL),
(6, 'D', '3', 5, '3', NULL),
(7, 'A', '1', 1, '1', NULL),
(7, 'A', '1', 2, '1', NULL),
(7, 'A', '1', 3, '1', NULL),
(7, 'A', '1', 4, '1', NULL),
(7, 'A', '1', 5, '1', NULL),
(7, 'A', '1', 6, '1', NULL),
(7, 'A', '1', 7, '1', NULL),
(7, 'A', '1', 8, '1', NULL),
(7, 'A', '1', 9, '1', NULL),
(7, 'A', '1', 10, '1', NULL),
(7, 'A', '1', 11, '1', NULL),
(7, 'A', '1', 12, '1', NULL),
(7, 'A', '1', 13, '1', NULL),
(7, 'A', '1', 14, '1', NULL),
(7, 'A', '1', 15, '1', NULL),
(7, 'A', '1', 16, '1', NULL),
(7, 'A', '1', 17, '1', NULL),
(7, 'A', '1', 18, '1', NULL),
(7, 'A', '1', 19, '1', NULL),
(7, 'A', '1', 20, '1', NULL),
(7, 'A', '1', 21, '1', NULL),
(7, 'A', '1', 22, '1', NULL),
(7, 'A', '1', 23, '1', NULL),
(7, 'A', '1', 24, '1', NULL),
(7, 'A', '1', 25, '1', NULL),
(7, 'A', '1', 26, '1', NULL),
(7, 'A', '1', 27, '1', NULL),
(7, 'A', '1', 28, '1', NULL),
(7, 'A', '1', 29, '1', NULL),
(7, 'A', '1', 30, '1', NULL),
(7, 'A', '1', 31, '1', NULL),
(7, 'A', '1', 32, '1', NULL),
(7, 'A', '1', 33, '1', NULL),
(7, 'A', '1', 34, '1', NULL),
(7, 'A', '1', 35, '1', NULL),
(7, 'A', '3', 1, '3', NULL),
(7, 'A', '3', 2, '3', NULL),
(7, 'A', '3', 3, '3', NULL),
(7, 'A', '3', 4, '3', NULL),
(7, 'A', '3', 5, '3', NULL),
(7, 'B', '1', 1, '1', NULL),
(7, 'B', '1', 2, '1', NULL),
(7, 'B', '1', 3, '1', NULL),
(7, 'B', '1', 4, '1', NULL),
(7, 'B', '1', 5, '1', NULL),
(7, 'B', '1', 6, '1', NULL),
(7, 'B', '1', 7, '1', NULL),
(7, 'B', '1', 8, '1', NULL),
(7, 'B', '1', 9, '1', NULL),
(7, 'B', '1', 10, '1', NULL),
(7, 'B', '1', 11, '1', NULL),
(7, 'B', '1', 12, '1', NULL),
(7, 'B', '1', 13, '1', NULL),
(7, 'B', '1', 14, '1', NULL),
(7, 'B', '1', 15, '1', NULL),
(7, 'B', '1', 16, '1', NULL),
(7, 'B', '1', 17, '1', NULL),
(7, 'B', '1', 18, '1', NULL),
(7, 'B', '1', 19, '1', NULL),
(7, 'B', '1', 20, '1', NULL),
(7, 'B', '1', 21, '1', NULL),
(7, 'B', '1', 22, '1', NULL),
(7, 'B', '1', 23, '1', NULL),
(7, 'B', '1', 24, '1', NULL),
(7, 'B', '1', 25, '1', NULL),
(7, 'B', '1', 26, '1', NULL),
(7, 'B', '1', 27, '1', NULL),
(7, 'B', '1', 28, '1', NULL),
(7, 'B', '1', 29, '1', NULL),
(7, 'B', '1', 30, '1', NULL),
(7, 'B', '1', 31, '1', NULL),
(7, 'B', '1', 32, '1', NULL),
(7, 'B', '1', 33, '1', NULL),
(7, 'B', '1', 34, '1', NULL),
(7, 'B', '1', 35, '1', NULL),
(7, 'B', '3', 1, '3', NULL),
(7, 'B', '3', 2, '3', NULL),
(7, 'B', '3', 3, '3', NULL),
(7, 'B', '3', 4, '3', NULL),
(7, 'B', '3', 5, '3', NULL),
(7, 'C', '1', 1, '1', NULL),
(7, 'C', '1', 2, '1', NULL),
(7, 'C', '1', 3, '1', NULL),
(7, 'C', '1', 4, '1', NULL),
(7, 'C', '1', 5, '1', NULL),
(7, 'C', '1', 6, '1', NULL),
(7, 'C', '1', 7, '1', NULL),
(7, 'C', '1', 8, '1', NULL),
(7, 'C', '1', 9, '1', NULL),
(7, 'C', '1', 10, '1', NULL),
(7, 'C', '1', 11, '1', NULL),
(7, 'C', '1', 12, '1', NULL),
(7, 'C', '1', 13, '1', NULL),
(7, 'C', '1', 14, '1', NULL),
(7, 'C', '1', 15, '1', NULL),
(7, 'C', '1', 16, '1', NULL),
(7, 'C', '1', 17, '1', NULL),
(7, 'C', '1', 18, '1', NULL),
(7, 'C', '1', 19, '1', NULL),
(7, 'C', '1', 20, '1', NULL),
(7, 'C', '1', 21, '1', NULL),
(7, 'C', '1', 22, '1', NULL),
(7, 'C', '1', 23, '1', NULL),
(7, 'C', '1', 24, '1', NULL),
(7, 'C', '1', 25, '1', NULL),
(7, 'C', '1', 26, '1', NULL),
(7, 'C', '1', 27, '1', NULL),
(7, 'C', '1', 28, '1', NULL),
(7, 'C', '1', 29, '1', NULL),
(7, 'C', '1', 30, '1', NULL),
(7, 'C', '1', 31, '1', NULL),
(7, 'C', '1', 32, '1', NULL),
(7, 'C', '1', 33, '1', NULL),
(7, 'C', '1', 34, '1', NULL),
(7, 'C', '1', 35, '1', NULL),
(7, 'C', '3', 1, '3', NULL),
(7, 'C', '3', 2, '3', NULL),
(7, 'C', '3', 3, '3', NULL),
(7, 'C', '3', 4, '3', NULL),
(7, 'C', '3', 5, '3', NULL),
(7, 'D', '1', 1, '1', NULL),
(7, 'D', '1', 2, '1', NULL),
(7, 'D', '1', 3, '1', NULL),
(7, 'D', '1', 4, '1', NULL),
(7, 'D', '1', 5, '1', NULL),
(7, 'D', '1', 6, '1', NULL),
(7, 'D', '1', 7, '1', NULL),
(7, 'D', '1', 8, '1', NULL),
(7, 'D', '1', 9, '1', NULL),
(7, 'D', '1', 10, '1', NULL),
(7, 'D', '1', 11, '1', NULL),
(7, 'D', '1', 12, '1', NULL),
(7, 'D', '1', 13, '1', NULL),
(7, 'D', '1', 14, '1', NULL),
(7, 'D', '1', 15, '1', NULL),
(7, 'D', '1', 16, '1', NULL),
(7, 'D', '1', 17, '1', NULL),
(7, 'D', '1', 18, '1', NULL),
(7, 'D', '1', 19, '1', NULL),
(7, 'D', '1', 20, '1', NULL),
(7, 'D', '1', 21, '1', NULL),
(7, 'D', '1', 22, '1', NULL),
(7, 'D', '1', 23, '1', NULL),
(7, 'D', '1', 24, '1', NULL),
(7, 'D', '1', 25, '1', NULL),
(7, 'D', '1', 26, '1', NULL),
(7, 'D', '1', 27, '1', NULL),
(7, 'D', '1', 28, '1', NULL),
(7, 'D', '1', 29, '1', NULL),
(7, 'D', '1', 30, '1', NULL),
(7, 'D', '1', 31, '1', NULL),
(7, 'D', '1', 32, '1', NULL),
(7, 'D', '1', 33, '1', NULL),
(7, 'D', '1', 34, '1', NULL),
(7, 'D', '1', 35, '1', NULL),
(7, 'D', '3', 1, '3', NULL),
(7, 'D', '3', 2, '3', NULL),
(7, 'D', '3', 3, '3', NULL),
(7, 'D', '3', 4, '3', NULL),
(7, 'D', '3', 5, '3', NULL),
(8, 'A', '1', 1, '1', NULL),
(8, 'A', '1', 2, '1', NULL),
(8, 'A', '1', 3, '1', NULL),
(8, 'A', '1', 4, '1', NULL),
(8, 'A', '1', 5, '1', NULL),
(8, 'A', '1', 6, '1', NULL),
(8, 'A', '1', 7, '1', NULL),
(8, 'A', '1', 8, '1', NULL),
(8, 'A', '1', 9, '1', NULL),
(8, 'A', '1', 10, '1', NULL),
(8, 'A', '1', 11, '1', NULL),
(8, 'A', '1', 12, '1', NULL),
(8, 'A', '1', 13, '1', NULL),
(8, 'A', '1', 14, '1', NULL),
(8, 'A', '1', 15, '1', NULL),
(8, 'A', '1', 16, '1', NULL),
(8, 'A', '1', 17, '1', NULL),
(8, 'A', '1', 18, '1', NULL),
(8, 'A', '1', 19, '1', NULL),
(8, 'A', '1', 20, '1', NULL),
(8, 'A', '1', 21, '1', NULL),
(8, 'A', '1', 22, '1', NULL),
(8, 'A', '1', 23, '1', NULL),
(8, 'A', '1', 24, '1', NULL),
(8, 'A', '1', 25, '1', NULL),
(8, 'A', '1', 26, '1', NULL),
(8, 'A', '1', 27, '1', NULL),
(8, 'A', '1', 28, '1', NULL),
(8, 'A', '1', 29, '1', NULL),
(8, 'A', '1', 30, '1', NULL),
(8, 'A', '1', 31, '1', NULL),
(8, 'A', '1', 32, '1', NULL),
(8, 'A', '1', 33, '1', NULL),
(8, 'A', '1', 34, '1', NULL),
(8, 'A', '1', 35, '1', NULL),
(8, 'A', '3', 1, '3', NULL),
(8, 'A', '3', 2, '3', NULL),
(8, 'A', '3', 3, '3', NULL),
(8, 'A', '3', 4, '3', NULL),
(8, 'A', '3', 5, '3', NULL),
(8, 'B', '1', 1, '1', NULL),
(8, 'B', '1', 2, '1', NULL),
(8, 'B', '1', 3, '1', NULL),
(8, 'B', '1', 4, '1', NULL),
(8, 'B', '1', 5, '1', NULL),
(8, 'B', '1', 6, '1', NULL),
(8, 'B', '1', 7, '1', NULL),
(8, 'B', '1', 8, '1', NULL),
(8, 'B', '1', 9, '1', NULL),
(8, 'B', '1', 10, '1', NULL),
(8, 'B', '1', 11, '1', NULL),
(8, 'B', '1', 12, '1', NULL),
(8, 'B', '1', 13, '1', NULL),
(8, 'B', '1', 14, '1', NULL),
(8, 'B', '1', 15, '1', NULL),
(8, 'B', '1', 16, '1', NULL),
(8, 'B', '1', 17, '1', NULL),
(8, 'B', '1', 18, '1', NULL),
(8, 'B', '1', 19, '1', NULL),
(8, 'B', '1', 20, '1', NULL),
(8, 'B', '1', 21, '1', NULL),
(8, 'B', '1', 22, '1', NULL),
(8, 'B', '1', 23, '1', NULL),
(8, 'B', '1', 24, '1', NULL),
(8, 'B', '1', 25, '1', NULL),
(8, 'B', '1', 26, '1', NULL),
(8, 'B', '1', 27, '1', NULL),
(8, 'B', '1', 28, '1', NULL),
(8, 'B', '1', 29, '1', NULL),
(8, 'B', '1', 30, '1', NULL),
(8, 'B', '1', 31, '1', NULL),
(8, 'B', '1', 32, '1', NULL),
(8, 'B', '1', 33, '1', NULL),
(8, 'B', '1', 34, '1', NULL),
(8, 'B', '1', 35, '1', NULL),
(8, 'B', '3', 1, '3', NULL),
(8, 'B', '3', 2, '3', NULL),
(8, 'B', '3', 3, '3', NULL),
(8, 'B', '3', 4, '3', NULL),
(8, 'B', '3', 5, '3', NULL),
(8, 'C', '1', 1, '1', NULL),
(8, 'C', '1', 2, '1', NULL),
(8, 'C', '1', 3, '1', NULL),
(8, 'C', '1', 4, '1', NULL),
(8, 'C', '1', 5, '1', NULL),
(8, 'C', '1', 6, '1', NULL),
(8, 'C', '1', 7, '1', NULL),
(8, 'C', '1', 8, '1', NULL),
(8, 'C', '1', 9, '1', NULL),
(8, 'C', '1', 10, '1', NULL),
(8, 'C', '1', 11, '1', NULL),
(8, 'C', '1', 12, '1', NULL),
(8, 'C', '1', 13, '1', NULL),
(8, 'C', '1', 14, '1', NULL),
(8, 'C', '1', 15, '1', NULL),
(8, 'C', '1', 16, '1', NULL),
(8, 'C', '1', 17, '1', NULL),
(8, 'C', '1', 18, '1', NULL),
(8, 'C', '1', 19, '1', NULL),
(8, 'C', '1', 20, '1', NULL),
(8, 'C', '1', 21, '1', NULL),
(8, 'C', '1', 22, '1', NULL),
(8, 'C', '1', 23, '1', NULL),
(8, 'C', '1', 24, '1', NULL),
(8, 'C', '1', 25, '1', NULL),
(8, 'C', '1', 26, '1', NULL),
(8, 'C', '1', 27, '1', NULL),
(8, 'C', '1', 28, '1', NULL),
(8, 'C', '1', 29, '1', NULL),
(8, 'C', '1', 30, '1', NULL),
(8, 'C', '1', 31, '1', NULL),
(8, 'C', '1', 32, '1', NULL),
(8, 'C', '1', 33, '1', NULL),
(8, 'C', '1', 34, '1', NULL),
(8, 'C', '1', 35, '1', NULL),
(8, 'C', '3', 1, '3', NULL),
(8, 'C', '3', 2, '3', NULL),
(8, 'C', '3', 3, '3', NULL),
(8, 'C', '3', 4, '3', NULL),
(8, 'C', '3', 5, '3', NULL),
(8, 'D', '1', 1, '1', NULL),
(8, 'D', '1', 2, '1', NULL),
(8, 'D', '1', 3, '1', NULL),
(8, 'D', '1', 4, '1', NULL),
(8, 'D', '1', 5, '1', NULL),
(8, 'D', '1', 6, '1', NULL),
(8, 'D', '1', 7, '1', NULL),
(8, 'D', '1', 8, '1', NULL),
(8, 'D', '1', 9, '1', NULL),
(8, 'D', '1', 10, '1', NULL),
(8, 'D', '1', 11, '1', NULL),
(8, 'D', '1', 12, '1', NULL),
(8, 'D', '1', 13, '1', NULL),
(8, 'D', '1', 14, '1', NULL),
(8, 'D', '1', 15, '1', NULL),
(8, 'D', '1', 16, '1', NULL),
(8, 'D', '1', 17, '1', NULL),
(8, 'D', '1', 18, '1', NULL),
(8, 'D', '1', 19, '1', NULL),
(8, 'D', '1', 20, '1', NULL),
(8, 'D', '1', 21, '1', NULL),
(8, 'D', '1', 22, '1', NULL),
(8, 'D', '1', 23, '1', NULL),
(8, 'D', '1', 24, '1', NULL),
(8, 'D', '1', 25, '1', NULL),
(8, 'D', '1', 26, '1', NULL),
(8, 'D', '1', 27, '1', NULL),
(8, 'D', '1', 28, '1', NULL),
(8, 'D', '1', 29, '1', NULL),
(8, 'D', '1', 30, '1', NULL),
(8, 'D', '1', 31, '1', NULL),
(8, 'D', '1', 32, '1', NULL),
(8, 'D', '1', 33, '1', NULL),
(8, 'D', '1', 34, '1', NULL),
(8, 'D', '1', 35, '1', NULL),
(8, 'D', '3', 1, '3', NULL),
(8, 'D', '3', 2, '3', NULL),
(8, 'D', '3', 3, '3', NULL),
(8, 'D', '3', 4, '3', NULL),
(8, 'D', '3', 5, '3', NULL),
(9, 'A', '1', 1, '1', NULL),
(9, 'A', '1', 2, '1', NULL),
(9, 'A', '1', 3, '1', NULL),
(9, 'A', '1', 4, '1', NULL),
(9, 'A', '1', 5, '1', NULL),
(9, 'A', '1', 6, '1', NULL),
(9, 'A', '1', 7, '1', NULL),
(9, 'A', '1', 8, '1', NULL),
(9, 'A', '1', 9, '1', NULL),
(9, 'A', '1', 10, '1', NULL),
(9, 'A', '1', 11, '1', NULL),
(9, 'A', '1', 12, '1', NULL),
(9, 'A', '1', 13, '1', NULL),
(9, 'A', '1', 14, '1', NULL),
(9, 'A', '1', 15, '1', NULL),
(9, 'A', '1', 16, '1', NULL),
(9, 'A', '1', 17, '1', NULL),
(9, 'A', '1', 18, '1', NULL),
(9, 'A', '1', 19, '1', NULL),
(9, 'A', '1', 20, '1', NULL),
(9, 'A', '1', 21, '1', NULL),
(9, 'A', '1', 22, '1', NULL),
(9, 'A', '1', 23, '1', NULL),
(9, 'A', '1', 24, '1', NULL),
(9, 'A', '1', 25, '1', NULL),
(9, 'A', '1', 26, '1', NULL),
(9, 'A', '1', 27, '1', NULL),
(9, 'A', '1', 28, '1', NULL),
(9, 'A', '1', 29, '1', NULL),
(9, 'A', '1', 30, '1', NULL),
(9, 'A', '1', 31, '1', NULL),
(9, 'A', '1', 32, '1', NULL),
(9, 'A', '1', 33, '1', NULL),
(9, 'A', '1', 34, '1', NULL),
(9, 'A', '1', 35, '1', NULL),
(9, 'A', '3', 1, '3', NULL),
(9, 'A', '3', 2, '3', NULL),
(9, 'A', '3', 3, '3', NULL),
(9, 'A', '3', 4, '3', NULL),
(9, 'A', '3', 5, '3', NULL),
(9, 'B', '1', 1, '1', NULL),
(9, 'B', '1', 2, '1', NULL),
(9, 'B', '1', 3, '1', NULL),
(9, 'B', '1', 4, '1', NULL),
(9, 'B', '1', 5, '1', NULL),
(9, 'B', '1', 6, '1', NULL),
(9, 'B', '1', 7, '1', NULL),
(9, 'B', '1', 8, '1', NULL),
(9, 'B', '1', 9, '1', NULL),
(9, 'B', '1', 10, '1', NULL),
(9, 'B', '1', 11, '1', NULL),
(9, 'B', '1', 12, '1', NULL),
(9, 'B', '1', 13, '1', NULL),
(9, 'B', '1', 14, '1', NULL),
(9, 'B', '1', 15, '1', NULL),
(9, 'B', '1', 16, '1', NULL),
(9, 'B', '1', 17, '1', NULL),
(9, 'B', '1', 18, '1', NULL),
(9, 'B', '1', 19, '1', NULL),
(9, 'B', '1', 20, '1', NULL),
(9, 'B', '1', 21, '1', NULL),
(9, 'B', '1', 22, '1', NULL),
(9, 'B', '1', 23, '1', NULL),
(9, 'B', '1', 24, '1', NULL),
(9, 'B', '1', 25, '1', NULL),
(9, 'B', '1', 26, '1', NULL),
(9, 'B', '1', 27, '1', NULL),
(9, 'B', '1', 28, '1', NULL),
(9, 'B', '1', 29, '1', NULL),
(9, 'B', '1', 30, '1', NULL),
(9, 'B', '1', 31, '1', NULL),
(9, 'B', '1', 32, '1', NULL),
(9, 'B', '1', 33, '1', NULL),
(9, 'B', '1', 34, '1', NULL),
(9, 'B', '1', 35, '1', NULL),
(9, 'B', '3', 1, '3', NULL),
(9, 'B', '3', 2, '3', NULL),
(9, 'B', '3', 3, '3', NULL),
(9, 'B', '3', 4, '3', NULL),
(9, 'B', '3', 5, '3', NULL),
(9, 'C', '1', 1, '1', NULL),
(9, 'C', '1', 2, '1', NULL),
(9, 'C', '1', 3, '1', NULL),
(9, 'C', '1', 4, '1', NULL),
(9, 'C', '1', 5, '1', NULL),
(9, 'C', '1', 6, '1', NULL),
(9, 'C', '1', 7, '1', NULL),
(9, 'C', '1', 8, '1', NULL),
(9, 'C', '1', 9, '1', NULL),
(9, 'C', '1', 10, '1', NULL),
(9, 'C', '1', 11, '1', NULL),
(9, 'C', '1', 12, '1', NULL),
(9, 'C', '1', 13, '1', NULL),
(9, 'C', '1', 14, '1', NULL),
(9, 'C', '1', 15, '1', NULL),
(9, 'C', '1', 16, '1', NULL),
(9, 'C', '1', 17, '1', NULL),
(9, 'C', '1', 18, '1', NULL),
(9, 'C', '1', 19, '1', NULL),
(9, 'C', '1', 20, '1', NULL),
(9, 'C', '1', 21, '1', NULL),
(9, 'C', '1', 22, '1', NULL),
(9, 'C', '1', 23, '1', NULL),
(9, 'C', '1', 24, '1', NULL),
(9, 'C', '1', 25, '1', NULL),
(9, 'C', '1', 26, '1', NULL),
(9, 'C', '1', 27, '1', NULL),
(9, 'C', '1', 28, '1', NULL),
(9, 'C', '1', 29, '1', NULL),
(9, 'C', '1', 30, '1', NULL),
(9, 'C', '1', 31, '1', NULL),
(9, 'C', '1', 32, '1', NULL),
(9, 'C', '1', 33, '1', NULL),
(9, 'C', '1', 34, '1', NULL),
(9, 'C', '1', 35, '1', NULL),
(9, 'C', '3', 1, '3', NULL),
(9, 'C', '3', 2, '3', NULL),
(9, 'C', '3', 3, '3', NULL),
(9, 'C', '3', 4, '3', NULL),
(9, 'C', '3', 5, '3', NULL),
(9, 'D', '1', 1, '1', NULL),
(9, 'D', '1', 2, '1', NULL),
(9, 'D', '1', 3, '1', NULL),
(9, 'D', '1', 4, '1', NULL),
(9, 'D', '1', 5, '1', NULL),
(9, 'D', '1', 6, '1', NULL),
(9, 'D', '1', 7, '1', NULL),
(9, 'D', '1', 8, '1', NULL),
(9, 'D', '1', 9, '1', NULL),
(9, 'D', '1', 10, '1', NULL),
(9, 'D', '1', 11, '1', NULL),
(9, 'D', '1', 12, '1', NULL),
(9, 'D', '1', 13, '1', NULL),
(9, 'D', '1', 14, '1', NULL),
(9, 'D', '1', 15, '1', NULL),
(9, 'D', '1', 16, '1', NULL),
(9, 'D', '1', 17, '1', NULL),
(9, 'D', '1', 18, '1', NULL),
(9, 'D', '1', 19, '1', NULL),
(9, 'D', '1', 20, '1', NULL),
(9, 'D', '1', 21, '1', NULL),
(9, 'D', '1', 22, '1', NULL),
(9, 'D', '1', 23, '1', NULL),
(9, 'D', '1', 24, '1', NULL),
(9, 'D', '1', 25, '1', NULL),
(9, 'D', '1', 26, '1', NULL),
(9, 'D', '1', 27, '1', NULL),
(9, 'D', '1', 28, '1', NULL),
(9, 'D', '1', 29, '1', NULL),
(9, 'D', '1', 30, '1', NULL),
(9, 'D', '1', 31, '1', NULL),
(9, 'D', '1', 32, '1', NULL),
(9, 'D', '1', 33, '1', NULL),
(9, 'D', '1', 34, '1', NULL),
(9, 'D', '1', 35, '1', NULL),
(9, 'D', '3', 1, '3', NULL),
(9, 'D', '3', 2, '3', NULL),
(9, 'D', '3', 3, '3', NULL),
(9, 'D', '3', 4, '3', NULL),
(9, 'D', '3', 5, '3', NULL),
(10, 'A', '1', 1, '1', NULL),
(10, 'A', '1', 2, '1', NULL),
(10, 'A', '1', 3, '1', NULL),
(10, 'A', '1', 4, '1', NULL),
(10, 'A', '1', 5, '1', NULL),
(10, 'A', '1', 6, '1', NULL),
(10, 'A', '1', 7, '1', NULL),
(10, 'A', '1', 8, '1', NULL),
(10, 'A', '1', 9, '1', NULL),
(10, 'A', '1', 10, '1', NULL),
(10, 'A', '1', 11, '1', NULL),
(10, 'A', '1', 12, '1', NULL),
(10, 'A', '1', 13, '1', NULL),
(10, 'A', '1', 14, '1', NULL),
(10, 'A', '1', 15, '1', NULL),
(10, 'A', '1', 16, '1', NULL),
(10, 'A', '1', 17, '1', NULL),
(10, 'A', '1', 18, '1', NULL),
(10, 'A', '1', 19, '1', NULL),
(10, 'A', '1', 20, '1', NULL),
(10, 'A', '1', 21, '1', NULL),
(10, 'A', '1', 22, '1', NULL),
(10, 'A', '1', 23, '1', NULL),
(10, 'A', '1', 24, '1', NULL),
(10, 'A', '1', 25, '1', NULL),
(10, 'A', '1', 26, '1', NULL),
(10, 'A', '1', 27, '1', NULL),
(10, 'A', '1', 28, '1', NULL),
(10, 'A', '1', 29, '1', NULL),
(10, 'A', '1', 30, '1', NULL),
(10, 'A', '1', 31, '1', NULL),
(10, 'A', '1', 32, '1', NULL),
(10, 'A', '1', 33, '1', NULL),
(10, 'A', '1', 34, '1', NULL),
(10, 'A', '1', 35, '1', NULL),
(10, 'A', '3', 1, '3', NULL),
(10, 'A', '3', 2, '3', NULL),
(10, 'A', '3', 3, '3', NULL),
(10, 'A', '3', 4, '3', NULL),
(10, 'A', '3', 5, '3', NULL),
(10, 'B', '1', 1, '1', NULL),
(10, 'B', '1', 2, '1', NULL),
(10, 'B', '1', 3, '1', NULL),
(10, 'B', '1', 4, '1', NULL),
(10, 'B', '1', 5, '1', NULL),
(10, 'B', '1', 6, '1', NULL),
(10, 'B', '1', 7, '1', NULL),
(10, 'B', '1', 8, '1', NULL),
(10, 'B', '1', 9, '1', NULL),
(10, 'B', '1', 10, '1', NULL),
(10, 'B', '1', 11, '1', NULL),
(10, 'B', '1', 12, '1', NULL),
(10, 'B', '1', 13, '1', NULL),
(10, 'B', '1', 14, '1', NULL),
(10, 'B', '1', 15, '1', NULL),
(10, 'B', '1', 16, '1', NULL),
(10, 'B', '1', 17, '1', NULL),
(10, 'B', '1', 18, '1', NULL),
(10, 'B', '1', 19, '1', NULL),
(10, 'B', '1', 20, '1', NULL),
(10, 'B', '1', 21, '1', NULL),
(10, 'B', '1', 22, '1', NULL),
(10, 'B', '1', 23, '1', NULL),
(10, 'B', '1', 24, '1', NULL),
(10, 'B', '1', 25, '1', NULL),
(10, 'B', '1', 26, '1', NULL),
(10, 'B', '1', 27, '1', NULL),
(10, 'B', '1', 28, '1', NULL),
(10, 'B', '1', 29, '1', NULL),
(10, 'B', '1', 30, '1', NULL),
(10, 'B', '1', 31, '1', NULL),
(10, 'B', '1', 32, '1', NULL),
(10, 'B', '1', 33, '1', NULL),
(10, 'B', '1', 34, '1', NULL),
(10, 'B', '1', 35, '1', NULL),
(10, 'B', '3', 1, '3', NULL),
(10, 'B', '3', 2, '3', NULL),
(10, 'B', '3', 3, '3', NULL),
(10, 'B', '3', 4, '3', NULL),
(10, 'B', '3', 5, '3', NULL),
(10, 'C', '1', 1, '1', NULL),
(10, 'C', '1', 2, '1', NULL),
(10, 'C', '1', 3, '1', NULL),
(10, 'C', '1', 4, '1', NULL),
(10, 'C', '1', 5, '1', NULL),
(10, 'C', '1', 6, '1', NULL),
(10, 'C', '1', 7, '1', NULL),
(10, 'C', '1', 8, '1', NULL),
(10, 'C', '1', 9, '1', NULL),
(10, 'C', '1', 10, '1', NULL),
(10, 'C', '1', 11, '1', NULL),
(10, 'C', '1', 12, '1', NULL),
(10, 'C', '1', 13, '1', NULL),
(10, 'C', '1', 14, '1', NULL),
(10, 'C', '1', 15, '1', NULL),
(10, 'C', '1', 16, '1', NULL),
(10, 'C', '1', 17, '1', NULL),
(10, 'C', '1', 18, '1', NULL),
(10, 'C', '1', 19, '1', NULL),
(10, 'C', '1', 20, '1', NULL),
(10, 'C', '1', 21, '1', NULL),
(10, 'C', '1', 22, '1', NULL),
(10, 'C', '1', 23, '1', NULL),
(10, 'C', '1', 24, '1', NULL),
(10, 'C', '1', 25, '1', NULL),
(10, 'C', '1', 26, '1', NULL),
(10, 'C', '1', 27, '1', NULL),
(10, 'C', '1', 28, '1', NULL),
(10, 'C', '1', 29, '1', NULL),
(10, 'C', '1', 30, '1', NULL),
(10, 'C', '1', 31, '1', NULL),
(10, 'C', '1', 32, '1', NULL),
(10, 'C', '1', 33, '1', NULL),
(10, 'C', '1', 34, '1', NULL),
(10, 'C', '1', 35, '1', NULL),
(10, 'C', '3', 1, '3', NULL),
(10, 'C', '3', 2, '3', NULL),
(10, 'C', '3', 3, '3', NULL),
(10, 'C', '3', 4, '3', NULL),
(10, 'C', '3', 5, '3', NULL),
(10, 'D', '1', 1, '1', NULL),
(10, 'D', '1', 2, '1', NULL),
(10, 'D', '1', 3, '1', NULL),
(10, 'D', '1', 4, '1', NULL),
(10, 'D', '1', 5, '1', NULL),
(10, 'D', '1', 6, '1', NULL),
(10, 'D', '1', 7, '1', NULL),
(10, 'D', '1', 8, '1', NULL),
(10, 'D', '1', 9, '1', NULL),
(10, 'D', '1', 10, '1', NULL),
(10, 'D', '1', 11, '1', NULL),
(10, 'D', '1', 12, '1', NULL),
(10, 'D', '1', 13, '1', NULL),
(10, 'D', '1', 14, '1', NULL),
(10, 'D', '1', 15, '1', NULL),
(10, 'D', '1', 16, '1', NULL),
(10, 'D', '1', 17, '1', NULL),
(10, 'D', '1', 18, '1', NULL),
(10, 'D', '1', 19, '1', NULL),
(10, 'D', '1', 20, '1', NULL),
(10, 'D', '1', 21, '1', NULL),
(10, 'D', '1', 22, '1', NULL),
(10, 'D', '1', 23, '1', NULL),
(10, 'D', '1', 24, '1', NULL),
(10, 'D', '1', 25, '1', NULL),
(10, 'D', '1', 26, '1', NULL),
(10, 'D', '1', 27, '1', NULL),
(10, 'D', '1', 28, '1', NULL),
(10, 'D', '1', 29, '1', NULL),
(10, 'D', '1', 30, '1', NULL),
(10, 'D', '1', 31, '1', NULL),
(10, 'D', '1', 32, '1', NULL),
(10, 'D', '1', 33, '1', NULL),
(10, 'D', '1', 34, '1', NULL),
(10, 'D', '1', 35, '1', NULL),
(10, 'D', '3', 1, '3', NULL),
(10, 'D', '3', 2, '3', NULL),
(10, 'D', '3', 3, '3', NULL),
(10, 'D', '3', 4, '3', NULL),
(10, 'D', '3', 5, '3', NULL),
(11, 'A', '1', 1, '1', NULL),
(11, 'A', '1', 2, '1', NULL),
(11, 'A', '1', 3, '1', NULL),
(11, 'A', '1', 4, '1', NULL),
(11, 'A', '1', 5, '1', NULL),
(11, 'A', '1', 6, '1', NULL),
(11, 'A', '1', 7, '1', NULL),
(11, 'A', '1', 8, '1', NULL),
(11, 'A', '1', 9, '1', NULL),
(11, 'A', '1', 10, '1', NULL),
(11, 'A', '1', 11, '1', NULL),
(11, 'A', '1', 12, '1', NULL),
(11, 'A', '1', 13, '1', NULL),
(11, 'A', '1', 14, '1', NULL),
(11, 'A', '1', 15, '1', NULL),
(11, 'A', '1', 16, '1', NULL),
(11, 'A', '1', 17, '1', NULL),
(11, 'A', '1', 18, '1', NULL),
(11, 'A', '1', 19, '1', NULL),
(11, 'A', '1', 20, '1', NULL),
(11, 'A', '1', 21, '1', NULL),
(11, 'A', '1', 22, '1', NULL),
(11, 'A', '1', 23, '1', NULL),
(11, 'A', '1', 24, '1', NULL),
(11, 'A', '1', 25, '1', NULL),
(11, 'A', '1', 26, '1', NULL),
(11, 'A', '1', 27, '1', NULL),
(11, 'A', '1', 28, '1', NULL),
(11, 'A', '1', 29, '1', NULL),
(11, 'A', '1', 30, '1', NULL),
(11, 'A', '1', 31, '1', NULL),
(11, 'A', '1', 32, '1', NULL),
(11, 'A', '1', 33, '1', NULL),
(11, 'A', '1', 34, '1', NULL),
(11, 'A', '1', 35, '1', NULL),
(11, 'A', '3', 1, '3', NULL),
(11, 'A', '3', 2, '3', NULL),
(11, 'A', '3', 3, '3', NULL),
(11, 'A', '3', 4, '3', NULL),
(11, 'A', '3', 5, '3', NULL),
(11, 'B', '1', 1, '1', NULL),
(11, 'B', '1', 2, '1', NULL),
(11, 'B', '1', 3, '1', NULL),
(11, 'B', '1', 4, '1', NULL),
(11, 'B', '1', 5, '1', NULL),
(11, 'B', '1', 6, '1', NULL),
(11, 'B', '1', 7, '1', NULL),
(11, 'B', '1', 8, '1', NULL),
(11, 'B', '1', 9, '1', NULL),
(11, 'B', '1', 10, '1', NULL),
(11, 'B', '1', 11, '1', NULL),
(11, 'B', '1', 12, '1', NULL),
(11, 'B', '1', 13, '1', NULL),
(11, 'B', '1', 14, '1', NULL),
(11, 'B', '1', 15, '1', NULL),
(11, 'B', '1', 16, '1', NULL),
(11, 'B', '1', 17, '1', NULL),
(11, 'B', '1', 18, '1', NULL),
(11, 'B', '1', 19, '1', NULL),
(11, 'B', '1', 20, '1', NULL),
(11, 'B', '1', 21, '1', NULL),
(11, 'B', '1', 22, '1', NULL),
(11, 'B', '1', 23, '1', NULL),
(11, 'B', '1', 24, '1', NULL),
(11, 'B', '1', 25, '1', NULL),
(11, 'B', '1', 26, '1', NULL),
(11, 'B', '1', 27, '1', NULL),
(11, 'B', '1', 28, '1', NULL),
(11, 'B', '1', 29, '1', NULL),
(11, 'B', '1', 30, '1', NULL),
(11, 'B', '1', 31, '1', NULL),
(11, 'B', '1', 32, '1', NULL),
(11, 'B', '1', 33, '1', NULL),
(11, 'B', '1', 34, '1', NULL),
(11, 'B', '1', 35, '1', NULL),
(11, 'B', '3', 1, '3', NULL),
(11, 'B', '3', 2, '3', NULL),
(11, 'B', '3', 3, '3', NULL),
(11, 'B', '3', 4, '3', NULL),
(11, 'B', '3', 5, '3', NULL),
(11, 'C', '1', 1, '1', NULL),
(11, 'C', '1', 2, '1', NULL),
(11, 'C', '1', 3, '1', NULL),
(11, 'C', '1', 4, '1', NULL),
(11, 'C', '1', 5, '1', NULL),
(11, 'C', '1', 6, '1', NULL),
(11, 'C', '1', 7, '1', NULL),
(11, 'C', '1', 8, '1', NULL),
(11, 'C', '1', 9, '1', NULL),
(11, 'C', '1', 10, '1', NULL),
(11, 'C', '1', 11, '1', NULL),
(11, 'C', '1', 12, '1', NULL),
(11, 'C', '1', 13, '1', NULL),
(11, 'C', '1', 14, '1', NULL),
(11, 'C', '1', 15, '1', NULL),
(11, 'C', '1', 16, '1', NULL),
(11, 'C', '1', 17, '1', NULL),
(11, 'C', '1', 18, '1', NULL),
(11, 'C', '1', 19, '1', NULL),
(11, 'C', '1', 20, '1', NULL),
(11, 'C', '1', 21, '1', NULL),
(11, 'C', '1', 22, '1', NULL),
(11, 'C', '1', 23, '1', NULL),
(11, 'C', '1', 24, '1', NULL),
(11, 'C', '1', 25, '1', NULL),
(11, 'C', '1', 26, '1', NULL),
(11, 'C', '1', 27, '1', NULL),
(11, 'C', '1', 28, '1', NULL),
(11, 'C', '1', 29, '1', NULL),
(11, 'C', '1', 30, '1', NULL),
(11, 'C', '1', 31, '1', NULL),
(11, 'C', '1', 32, '1', NULL),
(11, 'C', '1', 33, '1', NULL),
(11, 'C', '1', 34, '1', NULL),
(11, 'C', '1', 35, '1', NULL),
(11, 'C', '3', 1, '3', NULL),
(11, 'C', '3', 2, '3', NULL),
(11, 'C', '3', 3, '3', NULL),
(11, 'C', '3', 4, '3', NULL),
(11, 'C', '3', 5, '3', NULL),
(11, 'D', '1', 1, '1', NULL),
(11, 'D', '1', 2, '1', NULL),
(11, 'D', '1', 3, '1', NULL),
(11, 'D', '1', 4, '1', NULL),
(11, 'D', '1', 5, '1', NULL),
(11, 'D', '1', 6, '1', NULL),
(11, 'D', '1', 7, '1', NULL),
(11, 'D', '1', 8, '1', NULL),
(11, 'D', '1', 9, '1', NULL),
(11, 'D', '1', 10, '1', NULL),
(11, 'D', '1', 11, '1', NULL),
(11, 'D', '1', 12, '1', NULL),
(11, 'D', '1', 13, '1', NULL),
(11, 'D', '1', 14, '1', NULL),
(11, 'D', '1', 15, '1', NULL),
(11, 'D', '1', 16, '1', NULL),
(11, 'D', '1', 17, '1', NULL),
(11, 'D', '1', 18, '1', NULL),
(11, 'D', '1', 19, '1', NULL),
(11, 'D', '1', 20, '1', NULL),
(11, 'D', '1', 21, '1', NULL),
(11, 'D', '1', 22, '1', NULL),
(11, 'D', '1', 23, '1', NULL),
(11, 'D', '1', 24, '1', NULL),
(11, 'D', '1', 25, '1', NULL),
(11, 'D', '1', 26, '1', NULL),
(11, 'D', '1', 27, '1', NULL),
(11, 'D', '1', 28, '1', NULL),
(11, 'D', '1', 29, '1', NULL),
(11, 'D', '1', 30, '1', NULL),
(11, 'D', '1', 31, '1', NULL),
(11, 'D', '1', 32, '1', NULL),
(11, 'D', '1', 33, '1', NULL),
(11, 'D', '1', 34, '1', NULL),
(11, 'D', '1', 35, '1', NULL),
(11, 'D', '3', 1, '3', NULL),
(11, 'D', '3', 2, '3', NULL),
(11, 'D', '3', 3, '3', NULL),
(11, 'D', '3', 4, '3', NULL),
(11, 'D', '3', 5, '3', NULL),
(12, 'A', '1', 1, '1', NULL),
(12, 'A', '1', 2, '1', NULL),
(12, 'A', '1', 3, '1', NULL),
(12, 'A', '1', 4, '1', NULL),
(12, 'A', '1', 5, '1', NULL),
(12, 'A', '1', 6, '1', NULL),
(12, 'A', '1', 7, '1', NULL),
(12, 'A', '1', 8, '1', NULL),
(12, 'A', '1', 9, '1', NULL),
(12, 'A', '1', 10, '1', NULL),
(12, 'A', '1', 11, '1', NULL),
(12, 'A', '1', 12, '1', NULL),
(12, 'A', '1', 13, '1', NULL),
(12, 'A', '1', 14, '1', NULL),
(12, 'A', '1', 15, '1', NULL),
(12, 'A', '1', 16, '1', NULL),
(12, 'A', '1', 17, '1', NULL),
(12, 'A', '1', 18, '1', NULL),
(12, 'A', '1', 19, '1', NULL),
(12, 'A', '1', 20, '1', NULL),
(12, 'A', '1', 21, '1', NULL),
(12, 'A', '1', 22, '1', NULL),
(12, 'A', '1', 23, '1', NULL),
(12, 'A', '1', 24, '1', NULL),
(12, 'A', '1', 25, '1', NULL),
(12, 'A', '1', 26, '1', NULL),
(12, 'A', '1', 27, '1', NULL),
(12, 'A', '1', 28, '1', NULL),
(12, 'A', '1', 29, '1', NULL),
(12, 'A', '1', 30, '1', NULL),
(12, 'A', '1', 31, '1', NULL),
(12, 'A', '1', 32, '1', NULL),
(12, 'A', '1', 33, '1', NULL),
(12, 'A', '1', 34, '1', NULL),
(12, 'A', '1', 35, '1', NULL),
(12, 'A', '3', 1, '3', NULL),
(12, 'A', '3', 2, '3', NULL);
INSERT INTO `stand` (`StandId`, `AlleeId`, `HallId_ALLEE`, `TraveeId`, `HallId_TRAVEE`, `ExposantId`) VALUES
(12, 'A', '3', 3, '3', NULL),
(12, 'A', '3', 4, '3', NULL),
(12, 'A', '3', 5, '3', NULL),
(12, 'B', '1', 1, '1', NULL),
(12, 'B', '1', 2, '1', NULL),
(12, 'B', '1', 3, '1', NULL),
(12, 'B', '1', 4, '1', NULL),
(12, 'B', '1', 5, '1', NULL),
(12, 'B', '1', 6, '1', NULL),
(12, 'B', '1', 7, '1', NULL),
(12, 'B', '1', 8, '1', NULL),
(12, 'B', '1', 9, '1', NULL),
(12, 'B', '1', 10, '1', NULL),
(12, 'B', '1', 11, '1', NULL),
(12, 'B', '1', 12, '1', NULL),
(12, 'B', '1', 13, '1', NULL),
(12, 'B', '1', 14, '1', NULL),
(12, 'B', '1', 15, '1', NULL),
(12, 'B', '1', 16, '1', NULL),
(12, 'B', '1', 17, '1', NULL),
(12, 'B', '1', 18, '1', NULL),
(12, 'B', '1', 19, '1', NULL),
(12, 'B', '1', 20, '1', NULL),
(12, 'B', '1', 21, '1', NULL),
(12, 'B', '1', 22, '1', NULL),
(12, 'B', '1', 23, '1', NULL),
(12, 'B', '1', 24, '1', NULL),
(12, 'B', '1', 25, '1', NULL),
(12, 'B', '1', 26, '1', NULL),
(12, 'B', '1', 27, '1', NULL),
(12, 'B', '1', 28, '1', NULL),
(12, 'B', '1', 29, '1', NULL),
(12, 'B', '1', 30, '1', NULL),
(12, 'B', '1', 31, '1', NULL),
(12, 'B', '1', 32, '1', NULL),
(12, 'B', '1', 33, '1', NULL),
(12, 'B', '1', 34, '1', NULL),
(12, 'B', '1', 35, '1', NULL),
(12, 'B', '3', 1, '3', NULL),
(12, 'B', '3', 2, '3', NULL),
(12, 'B', '3', 3, '3', NULL),
(12, 'B', '3', 4, '3', NULL),
(12, 'B', '3', 5, '3', NULL),
(12, 'C', '1', 1, '1', NULL),
(12, 'C', '1', 2, '1', NULL),
(12, 'C', '1', 3, '1', NULL),
(12, 'C', '1', 4, '1', NULL),
(12, 'C', '1', 5, '1', NULL),
(12, 'C', '1', 6, '1', NULL),
(12, 'C', '1', 7, '1', NULL),
(12, 'C', '1', 8, '1', NULL),
(12, 'C', '1', 9, '1', NULL),
(12, 'C', '1', 10, '1', NULL),
(12, 'C', '1', 11, '1', NULL),
(12, 'C', '1', 12, '1', NULL),
(12, 'C', '1', 13, '1', NULL),
(12, 'C', '1', 14, '1', NULL),
(12, 'C', '1', 15, '1', NULL),
(12, 'C', '1', 16, '1', NULL),
(12, 'C', '1', 17, '1', NULL),
(12, 'C', '1', 18, '1', NULL),
(12, 'C', '1', 19, '1', NULL),
(12, 'C', '1', 20, '1', NULL),
(12, 'C', '1', 21, '1', NULL),
(12, 'C', '1', 22, '1', NULL),
(12, 'C', '1', 23, '1', NULL),
(12, 'C', '1', 24, '1', NULL),
(12, 'C', '1', 25, '1', NULL),
(12, 'C', '1', 26, '1', NULL),
(12, 'C', '1', 27, '1', NULL),
(12, 'C', '1', 28, '1', NULL),
(12, 'C', '1', 29, '1', NULL),
(12, 'C', '1', 30, '1', NULL),
(12, 'C', '1', 31, '1', NULL),
(12, 'C', '1', 32, '1', NULL),
(12, 'C', '1', 33, '1', NULL),
(12, 'C', '1', 34, '1', NULL),
(12, 'C', '1', 35, '1', NULL),
(12, 'C', '3', 1, '3', NULL),
(12, 'C', '3', 2, '3', NULL),
(12, 'C', '3', 3, '3', NULL),
(12, 'C', '3', 4, '3', NULL),
(12, 'C', '3', 5, '3', NULL),
(12, 'D', '1', 1, '1', NULL),
(12, 'D', '1', 2, '1', NULL),
(12, 'D', '1', 3, '1', NULL),
(12, 'D', '1', 4, '1', NULL),
(12, 'D', '1', 5, '1', NULL),
(12, 'D', '1', 6, '1', NULL),
(12, 'D', '1', 7, '1', NULL),
(12, 'D', '1', 8, '1', NULL),
(12, 'D', '1', 9, '1', NULL),
(12, 'D', '1', 10, '1', NULL),
(12, 'D', '1', 11, '1', NULL),
(12, 'D', '1', 12, '1', NULL),
(12, 'D', '1', 13, '1', NULL),
(12, 'D', '1', 14, '1', NULL),
(12, 'D', '1', 15, '1', NULL),
(12, 'D', '1', 16, '1', NULL),
(12, 'D', '1', 17, '1', NULL),
(12, 'D', '1', 18, '1', NULL),
(12, 'D', '1', 19, '1', NULL),
(12, 'D', '1', 20, '1', NULL),
(12, 'D', '1', 21, '1', NULL),
(12, 'D', '1', 22, '1', NULL),
(12, 'D', '1', 23, '1', NULL),
(12, 'D', '1', 24, '1', NULL),
(12, 'D', '1', 25, '1', NULL),
(12, 'D', '1', 26, '1', NULL),
(12, 'D', '1', 27, '1', NULL),
(12, 'D', '1', 28, '1', NULL),
(12, 'D', '1', 29, '1', NULL),
(12, 'D', '1', 30, '1', NULL),
(12, 'D', '1', 31, '1', NULL),
(12, 'D', '1', 32, '1', NULL),
(12, 'D', '1', 33, '1', NULL),
(12, 'D', '1', 34, '1', NULL),
(12, 'D', '1', 35, '1', NULL),
(12, 'D', '3', 1, '3', NULL),
(12, 'D', '3', 2, '3', NULL),
(12, 'D', '3', 3, '3', NULL),
(12, 'D', '3', 4, '3', NULL),
(12, 'D', '3', 5, '3', NULL),
(1, 'A', '1', 19, '1', 1),
(1, 'A', '1', 11, '1', 3),
(2, 'A', '1', 19, '1', 4),
(3, 'A', '1', 19, '1', 5),
(1, 'A', '1', 30, '1', 6),
(2, 'A', '1', 30, '1', 7);

-- --------------------------------------------------------

--
-- Structure de la table `travee`
--

CREATE TABLE `travee` (
  `TraveeId` tinyint(2) NOT NULL,
  `HallId` char(1) NOT NULL,
  `SecteurId` int(11) NOT NULL
) ENGINE=InnoDB DEFAULT CHARSET=utf8;

--
-- Déchargement des données de la table `travee`
--

INSERT INTO `travee` (`TraveeId`, `HallId`, `SecteurId`) VALUES
(23, '1', 1),
(24, '1', 1),
(11, '1', 2),
(8, '1', 3),
(9, '1', 3),
(26, '1', 4),
(27, '1', 5),
(28, '1', 5),
(10, '1', 6),
(29, '1', 7),
(25, '1', 8),
(14, '1', 9),
(15, '1', 9),
(12, '1', 10),
(13, '1', 10),
(19, '1', 11),
(20, '1', 11),
(21, '1', 11),
(22, '1', 11),
(30, '1', 12),
(31, '1', 12),
(32, '1', 12),
(33, '1', 13),
(34, '1', 14),
(35, '1', 14),
(16, '1', 15),
(17, '1', 16),
(18, '1', 17),
(1, '1', 20),
(2, '1', 21),
(3, '1', 22),
(4, '1', 22),
(5, '1', 22),
(6, '1', 22),
(7, '1', 22),
(1, '3', 23),
(2, '3', 23),
(3, '3', 24),
(4, '3', 25),
(5, '3', 25);

-- --------------------------------------------------------

--
-- Structure de la table `univers`
--

CREATE TABLE `univers` (
  `UniversId` int(11) NOT NULL,
  `UniversLibelle` varchar(20) DEFAULT NULL,
  `HallId` char(1) NOT NULL
) ENGINE=InnoDB DEFAULT CHARSET=utf8;

--
-- Déchargement des données de la table `univers`
--

INSERT INTO `univers` (`UniversId`, `UniversLibelle`, `HallId`) VALUES
(1, 'Maison', '1'),
(2, 'Sport', '1'),
(3, 'Les fêtes', '1'),
(4, 'Auto', '1'),
(5, 'Évasion', '3');

-- --------------------------------------------------------

--
-- Structure de la table `utilisateur`
--

CREATE TABLE `utilisateur` (
  `UtilisateurId` int(11) NOT NULL,
  `Login` varchar(25) DEFAULT NULL,
  `Mdp` varchar(50) DEFAULT NULL
) ENGINE=InnoDB DEFAULT CHARSET=utf8;

--
-- Déchargement des données de la table `utilisateur`
--

INSERT INTO `utilisateur` (`UtilisateurId`, `Login`, `Mdp`) VALUES
(1, 'Mat', 'a32aecc78337204e961144d94f926955'),
(2, 'admin', '21232f297a57a5a743894a0e4a801fc3'),
(3, 'Asa', '8eb5a47634f626b142d2a93e9baf009f'),
(4, 'LN', 'faccf5fbece5d95182fae0726ddadd4b'),
(5, 'Treco', '3087fc81ea852806094afe8d5b2b0685'),
(6, 'GS', '71a75a167c33c58bfb561764255c880a'),
(7, 'FB', '30781f1fc2f9342ceb1ad2f6f35a51db');

--
-- Index pour les tables déchargées
--

--
-- Index pour la table `allee`
--
ALTER TABLE `allee`
  ADD PRIMARY KEY (`AlleeId`,`HallId`),
  ADD KEY `ALLEE_HALL_FK` (`HallId`);

--
-- Index pour la table `demande`
--
ALTER TABLE `demande`
  ADD PRIMARY KEY (`DemandeId`),
  ADD KEY `DEMANDE_EXPOSANT_FK` (`ExposantId`);

--
-- Index pour la table `exposant`
--
ALTER TABLE `exposant`
  ADD PRIMARY KEY (`ExposantId`),
  ADD KEY `EXPOSANT_UTILISATEUR_FK` (`UtilisateurId`),
  ADD KEY `EXPOSANT_SECTEUR_FK` (`SecteurId`);

--
-- Index pour la table `hall`
--
ALTER TABLE `hall`
  ADD PRIMARY KEY (`HallId`);

--
-- Index pour la table `secteur`
--
ALTER TABLE `secteur`
  ADD PRIMARY KEY (`SecteurId`),
  ADD KEY `SECTEUR_UNIVERS_FK` (`UniversId`);

--
-- Index pour la table `staff`
--
ALTER TABLE `staff`
  ADD PRIMARY KEY (`StaffId`),
  ADD KEY `STAFF_UTILISATEUR_FK` (`UtilisateurId`);

--
-- Index pour la table `stand`
--
ALTER TABLE `stand`
  ADD PRIMARY KEY (`StandId`,`AlleeId`,`HallId_ALLEE`,`TraveeId`,`HallId_TRAVEE`),
  ADD KEY `STAND_ALLEE_FK` (`AlleeId`,`HallId_ALLEE`),
  ADD KEY `STAND_TRAVEE_FK` (`TraveeId`,`HallId_TRAVEE`),
  ADD KEY `STAND_EXPOSANT_FK` (`ExposantId`);

--
-- Index pour la table `travee`
--
ALTER TABLE `travee`
  ADD PRIMARY KEY (`TraveeId`,`HallId`),
  ADD KEY `TRAVEE_HALL_FK` (`HallId`),
  ADD KEY `TRAVEE_SECTEUR_FK` (`SecteurId`);

--
-- Index pour la table `univers`
--
ALTER TABLE `univers`
  ADD PRIMARY KEY (`UniversId`),
  ADD KEY `UNIVERS_HALL_FK` (`HallId`);

--
-- Index pour la table `utilisateur`
--
ALTER TABLE `utilisateur`
  ADD PRIMARY KEY (`UtilisateurId`),
  ADD UNIQUE KEY `Login` (`Login`);

--
-- AUTO_INCREMENT pour les tables déchargées
--

--
-- AUTO_INCREMENT pour la table `demande`
--
ALTER TABLE `demande`
  MODIFY `DemandeId` int(11) NOT NULL AUTO_INCREMENT, AUTO_INCREMENT=6;

--
-- AUTO_INCREMENT pour la table `exposant`
--
ALTER TABLE `exposant`
  MODIFY `ExposantId` int(11) NOT NULL AUTO_INCREMENT, AUTO_INCREMENT=13;

--
-- AUTO_INCREMENT pour la table `secteur`
--
ALTER TABLE `secteur`
  MODIFY `SecteurId` int(11) NOT NULL AUTO_INCREMENT, AUTO_INCREMENT=26;

--
-- AUTO_INCREMENT pour la table `staff`
--
ALTER TABLE `staff`
  MODIFY `StaffId` int(11) NOT NULL AUTO_INCREMENT;

--
-- AUTO_INCREMENT pour la table `univers`
--
ALTER TABLE `univers`
  MODIFY `UniversId` int(11) NOT NULL AUTO_INCREMENT, AUTO_INCREMENT=6;

--
-- AUTO_INCREMENT pour la table `utilisateur`
--
ALTER TABLE `utilisateur`
  MODIFY `UtilisateurId` int(11) NOT NULL AUTO_INCREMENT, AUTO_INCREMENT=15;

--
-- Contraintes pour les tables déchargées
--

--
-- Contraintes pour la table `allee`
--
ALTER TABLE `allee`
  ADD CONSTRAINT `ALLEE_HALL_FK` FOREIGN KEY (`HallId`) REFERENCES `hall` (`HallId`);

--
-- Contraintes pour la table `demande`
--
ALTER TABLE `demande`
  ADD CONSTRAINT `DEMANDE_EXPOSANT_FK` FOREIGN KEY (`ExposantId`) REFERENCES `exposant` (`ExposantId`);

--
-- Contraintes pour la table `exposant`
--
ALTER TABLE `exposant`
  ADD CONSTRAINT `EXPOSANT_SECTEUR_FK` FOREIGN KEY (`SecteurId`) REFERENCES `secteur` (`SecteurId`),
  ADD CONSTRAINT `EXPOSANT_UTILISATEUR_FK` FOREIGN KEY (`UtilisateurId`) REFERENCES `utilisateur` (`UtilisateurId`);

--
-- Contraintes pour la table `secteur`
--
ALTER TABLE `secteur`
  ADD CONSTRAINT `SECTEUR_UNIVERS_FK` FOREIGN KEY (`UniversId`) REFERENCES `univers` (`UniversId`);

--
-- Contraintes pour la table `staff`
--
ALTER TABLE `staff`
  ADD CONSTRAINT `STAFF_UTILISATEUR_FK` FOREIGN KEY (`UtilisateurId`) REFERENCES `utilisateur` (`UtilisateurId`);

--
-- Contraintes pour la table `stand`
--
ALTER TABLE `stand`
  ADD CONSTRAINT `STAND_ALLEE_FK` FOREIGN KEY (`AlleeId`,`HallId_ALLEE`) REFERENCES `allee` (`AlleeId`, `HallId`),
  ADD CONSTRAINT `STAND_EXPOSANT_FK` FOREIGN KEY (`ExposantId`) REFERENCES `exposant` (`ExposantId`),
  ADD CONSTRAINT `STAND_TRAVEE_FK` FOREIGN KEY (`TraveeId`,`HallId_TRAVEE`) REFERENCES `travee` (`TraveeId`, `HallId`);

--
-- Contraintes pour la table `travee`
--
ALTER TABLE `travee`
  ADD CONSTRAINT `TRAVEE_HALL_FK` FOREIGN KEY (`HallId`) REFERENCES `hall` (`HallId`),
  ADD CONSTRAINT `TRAVEE_SECTEUR_FK` FOREIGN KEY (`SecteurId`) REFERENCES `secteur` (`SecteurId`);

--
-- Contraintes pour la table `univers`
--
ALTER TABLE `univers`
  ADD CONSTRAINT `UNIVERS_HALL_FK` FOREIGN KEY (`HallId`) REFERENCES `hall` (`HallId`);
COMMIT;

/*!40101 SET CHARACTER_SET_CLIENT=@OLD_CHARACTER_SET_CLIENT */;
/*!40101 SET CHARACTER_SET_RESULTS=@OLD_CHARACTER_SET_RESULTS */;
/*!40101 SET COLLATION_CONNECTION=@OLD_COLLATION_CONNECTION */;
